priority,notice_id,title,publish_date,product_codes,parameter_names,primary_reason_code,primary_reason,reason_confidence,source_url,local_path
P0,t20020204_783731,关于修订《上海期货交易所风险控制管理办法》有关条款的通知 ...,2002-02-04,"CU,RU",交割参数、交易保证金、持仓限额,07,制度、规则和长期参数标准调整,0.95,https://www.shfe.com.cn/publicnotice/notice/200202/t20020204_783731.html,E:\AAAAAAAAAAAAAAAAA\SW\SHFE\SHFE 公告数据库\00_公共基础库\SHFE原始公告数据库_v1.0_20001008-20260811\details\200202\t20020204_783731.html
P0,t20030123_783775,上海期货交易所2003年2月份结算参数一览表,2003-01-23,"AL,CU,RU",交割参数、手续费、交易保证金,05,到期、交割月及临近交割调整,0.78,https://www.shfe.com.cn/publicnotice/notice/200301/t20030123_783775.html,E:\AAAAAAAAAAAAAAAAA\SW\SHFE\SHFE 公告数据库\00_公共基础库\SHFE原始公告数据库_v1.0_20001008-20260811\details\200301\t20030123_783775.html
P0,t20030311_783784,上海期货交易所2003年3月份结算参数一览表,2003-03-11,"AL,CU,RU",交割参数、手续费、交易保证金,05,到期、交割月及临近交割调整,0.78,https://www.shfe.com.cn/publicnotice/notice/200303/t20030311_783784.html,E:\AAAAAAAAAAAAAAAAA\SW\SHFE\SHFE 公告数据库\00_公共基础库\SHFE原始公告数据库_v1.0_20001008-20260811\details\200303\t20030311_783784.html
P0,t20030327_783802,上海期货交易所2003年4月份结算参数调整一览表,2003-03-27,"AL,CU,RU",交割参数、手续费、交易保证金,05,到期、交割月及临近交割调整,0.78,https://www.shfe.com.cn/publicnotice/notice/200303/t20030327_783802.html,E:\AAAAAAAAAAAAAAAAA\SW\SHFE\SHFE 公告数据库\00_公共基础库\SHFE原始公告数据库_v1.0_20001008-20260811\details\200303\t20030327_783802.html
P0,t20030404_783810,今日交易参数调整通知,2003-04-04,"CU,RU",交易保证金、持仓限额、涨跌停板幅度,06,交易限额、持仓限额与异常交易管理,0.78,https://www.shfe.com.cn/publicnotice/notice/200304/t20030404_783810.html,E:\AAAAAAAAAAAAAAAAA\SW\SHFE\SHFE 公告数据库\00_公共基础库\SHFE原始公告数据库_v1.0_20001008-20260811\details\200304\t20030404_783810.html
P0,t20030429_783837,关于延长“五一”休市安排的通知,2003-04-29,"AL,CU,RU",交割参数、交易保证金,01,节假日安排与节前后调整,0.95,https://www.shfe.com.cn/publicnotice/notice/200304/t20030429_783837.html,E:\AAAAAAAAAAAAAAAAA\SW\SHFE\SHFE 公告数据库\00_公共基础库\SHFE原始公告数据库_v1.0_20001008-20260811\details\200304\t20030429_783837.html
P0,t20040804_784359,关于燃料油期货上市交易有关事项的通知,2004-08-04,FU,交割参数、手续费、交易保证金、涨跌停板幅度,04,合约上市、挂牌与参数初始化,0.95,https://www.shfe.com.cn/publicnotice/notice/200408/t20040804_784359.html,E:\AAAAAAAAAAAAAAAAA\SW\SHFE\SHFE 公告数据库\00_公共基础库\SHFE原始公告数据库_v1.0_20001008-20260811\details\200408\t20040804_784359.html
P0,t20040921_784429,关于调整铜期货合约交易保证金标准的通知,2004-09-21,CU,交易保证金,07,制度、规则和长期参数标准调整,0.78,https://www.shfe.com.cn/publicnotice/notice/200409/t20040921_784429.html,E:\AAAAAAAAAAAAAAAAA\SW\SHFE\SHFE 公告数据库\00_公共基础库\SHFE原始公告数据库_v1.0_20001008-20260811\details\200409\t20040921_784429.html
P0,t20041011_784447,关于调整铜期货合约交易保证金标准的通知,2004-10-11,CU,交易保证金,07,制度、规则和长期参数标准调整,0.78,https://www.shfe.com.cn/publicnotice/notice/200410/t20041011_784447.html,E:\AAAAAAAAAAAAAAAAA\SW\SHFE\SHFE 公告数据库\00_公共基础库\SHFE原始公告数据库_v1.0_20001008-20260811\details\200410\t20041011_784447.html
P0,t20041230_784594,关于春节长假有关事项的通知,2004-12-30,"AL,CU,FU,RU",交易保证金、一般持仓交易保证金、交易时间,01,节假日安排与节前后调整,0.95,https://www.shfe.com.cn/publicnotice/notice/200412/t20041230_784594.html,E:\AAAAAAAAAAAAAAAAA\SW\SHFE\SHFE 公告数据库\00_公共基础库\SHFE原始公告数据库_v1.0_20001008-20260811\details\200412\t20041230_784594.html
P0,t20050118_784623,关于公布实施《上海期货交易所风险控制管理办法（修正案）》...,2005-01-18,"AL,CU,FU",交割参数、涨跌停板幅度,07,制度、规则和长期参数标准调整,0.95,https://www.shfe.com.cn/publicnotice/notice/200501/t20050118_784623.html,E:\AAAAAAAAAAAAAAAAA\SW\SHFE\SHFE 公告数据库\00_公共基础库\SHFE原始公告数据库_v1.0_20001008-20260811\details\200501\t20050118_784623.html
P0,t20050118_784624,关于调整阴极铜标准合约涨跌停板幅度的通知,2005-01-18,CU,涨跌停板幅度,03,连续涨跌停及规则触发扩板,0.78,https://www.shfe.com.cn/publicnotice/notice/200501/t20050118_784624.html,E:\AAAAAAAAAAAAAAAAA\SW\SHFE\SHFE 公告数据库\00_公共基础库\SHFE原始公告数据库_v1.0_20001008-20260811\details\200501\t20050118_784624.html
P0,t20060525_785349,关于加强期货市场风险控制措施的通知,2006-05-25,"AL,CU,RU",交易保证金,02,市场波动下的临时风险控制,0.95,https://www.shfe.com.cn/publicnotice/notice/200605/t20060525_785349.html,E:\AAAAAAAAAAAAAAAAA\SW\SHFE\SHFE 公告数据库\00_公共基础库\SHFE原始公告数据库_v1.0_20001008-20260811\details\200605\t20060525_785349.html
P0,t20060614_785401,关于恢复CU0606、CU0610期货合约交易的通知,2006-06-14,CU,交易保证金、涨跌停板幅度,07,制度、规则和长期参数标准调整,0.78,https://www.shfe.com.cn/publicnotice/notice/200606/t20060614_785401.html,E:\AAAAAAAAAAAAAAAAA\SW\SHFE\SHFE 公告数据库\00_公共基础库\SHFE原始公告数据库_v1.0_20001008-20260811\details\200606\t20060614_785401.html
P0,t20061031_785684,关于调整铜期货合约交易保证金标准的通知,2006-10-31,CU,交易保证金,08,其他特殊风险处置与应急安排,0.45,https://www.shfe.com.cn/publicnotice/notice/200610/t20061031_785684.html,E:\AAAAAAAAAAAAAAAAA\SW\SHFE\SHFE 公告数据库\00_公共基础库\SHFE原始公告数据库_v1.0_20001008-20260811\details\200610\t20061031_785684.html
P0,t20061227_785800,关于元旦春节长假有关事项及继续做好交易、交割和保证金管理...,2006-12-27,"AL,CU,FU,RU",交易保证金,01,节假日安排与节前后调整,0.95,https://www.shfe.com.cn/publicnotice/notice/200612/t20061227_785800.html,E:\AAAAAAAAAAAAAAAAA\SW\SHFE\SHFE 公告数据库\00_公共基础库\SHFE原始公告数据库_v1.0_20001008-20260811\details\200612\t20061227_785800.html
P0,t20070109_785813,关于恢复CU0701期货合约交易的通知,2007-01-09,CU,交易保证金、涨跌停板幅度,07,制度、规则和长期参数标准调整,0.78,https://www.shfe.com.cn/publicnotice/notice/200701/t20070109_785813.html,E:\AAAAAAAAAAAAAAAAA\SW\SHFE\SHFE 公告数据库\00_公共基础库\SHFE原始公告数据库_v1.0_20001008-20260811\details\200701\t20070109_785813.html
P0,t20070213_785879,关于做好春节期间市场风险控制工作的通知,2007-02-13,"FU,RU",交易保证金,01,节假日安排与节前后调整,0.95,https://www.shfe.com.cn/publicnotice/notice/200702/t20070213_785879.html,E:\AAAAAAAAAAAAAAAAA\SW\SHFE\SHFE 公告数据库\00_公共基础库\SHFE原始公告数据库_v1.0_20001008-20260811\details\200702\t20070213_785879.html
P0,t20070424_786034,关于做好“五一”期间市场风险控制工作的通知,2007-04-24,"FU,RU",交易保证金,02,市场波动下的临时风险控制,0.95,https://www.shfe.com.cn/publicnotice/notice/200704/t20070424_786034.html,E:\AAAAAAAAAAAAAAAAA\SW\SHFE\SHFE 公告数据库\00_公共基础库\SHFE原始公告数据库_v1.0_20001008-20260811\details\200704\t20070424_786034.html
P0,t20070509_786059,关于调整铜、橡胶期货合约交易保证金标准的通知,2007-05-09,CU,交易保证金,08,其他特殊风险处置与应急安排,0.45,https://www.shfe.com.cn/publicnotice/notice/200705/t20070509_786059.html,E:\AAAAAAAAAAAAAAAAA\SW\SHFE\SHFE 公告数据库\00_公共基础库\SHFE原始公告数据库_v1.0_20001008-20260811\details\200705\t20070509_786059.html
P0,t20070924_786319,关于做好“十一”期间市场风险控制工作的通知,2007-09-24,"FU,RU",交易保证金,02,市场波动下的临时风险控制,0.95,https://www.shfe.com.cn/publicnotice/notice/200709/t20070924_786319.html,E:\AAAAAAAAAAAAAAAAA\SW\SHFE\SHFE 公告数据库\00_公共基础库\SHFE原始公告数据库_v1.0_20001008-20260811\details\200709\t20070924_786319.html
P0,t20071213_786456,关于交易系统测试的通知,2007-12-13,AU,交割参数、交易保证金、夜盘安排,04,合约上市、挂牌与参数初始化,0.78,https://www.shfe.com.cn/publicnotice/notice/200712/t20071213_786456.html,E:\AAAAAAAAAAAAAAAAA\SW\SHFE\SHFE 公告数据库\00_公共基础库\SHFE原始公告数据库_v1.0_20001008-20260811\details\200712\t20071213_786456.html
P0,t20071225_786472,关于做好“元旦”期间市场风险控制工作的通知,2007-12-25,"FU,RU,ZN",交易保证金,01,节假日安排与节前后调整,0.95,https://www.shfe.com.cn/publicnotice/notice/200712/t20071225_786472.html,E:\AAAAAAAAAAAAAAAAA\SW\SHFE\SHFE 公告数据库\00_公共基础库\SHFE原始公告数据库_v1.0_20001008-20260811\details\200712\t20071225_786472.html
P0,t20080102_786493,关于黄金期货上市交易有关事项的通知,2008-01-02,AU,交割参数、手续费、交易保证金、涨跌停板幅度,04,合约上市、挂牌与参数初始化,0.95,https://www.shfe.com.cn/publicnotice/notice/200801/t20080102_786493.html,E:\AAAAAAAAAAAAAAAAA\SW\SHFE\SHFE 公告数据库\00_公共基础库\SHFE原始公告数据库_v1.0_20001008-20260811\details\200801\t20080102_786493.html
P0,t20080130_786572,关于做好春节长假期间市场风险控制工作的通知,2008-01-30,"AU,FU,RU",交易保证金、交易时间,01,节假日安排与节前后调整,0.95,https://www.shfe.com.cn/publicnotice/notice/200801/t20080130_786572.html,E:\AAAAAAAAAAAAAAAAA\SW\SHFE\SHFE 公告数据库\00_公共基础库\SHFE原始公告数据库_v1.0_20001008-20260811\details\200801\t20080130_786572.html
P0,t20080425_786687,关于做好“五一”期间市场风险控制工作的通知,2008-04-25,"AU,FU,RU",交易保证金,02,市场波动下的临时风险控制,0.95,https://www.shfe.com.cn/publicnotice/notice/200804/t20080425_786687.html,E:\AAAAAAAAAAAAAAAAA\SW\SHFE\SHFE 公告数据库\00_公共基础库\SHFE原始公告数据库_v1.0_20001008-20260811\details\200804\t20080425_786687.html
P0,t20080922_786849,关于做好“十一”期间市场风险控制工作的通知,2008-09-22,"AU,FU,RU",交割参数、交易保证金,02,市场波动下的临时风险控制,0.95,https://www.shfe.com.cn/publicnotice/notice/200809/t20080922_786849.html,E:\AAAAAAAAAAAAAAAAA\SW\SHFE\SHFE 公告数据库\00_公共基础库\SHFE原始公告数据库_v1.0_20001008-20260811\details\200809\t20080922_786849.html
P0,t20081009_786872,通 知,2008-10-09,"CU,RU",交易保证金、涨跌停板幅度,03,连续涨跌停及规则触发扩板,0.78,https://www.shfe.com.cn/publicnotice/notice/200810/t20081009_786872.html,E:\AAAAAAAAAAAAAAAAA\SW\SHFE\SHFE 公告数据库\00_公共基础库\SHFE原始公告数据库_v1.0_20001008-20260811\details\200810\t20081009_786872.html
P0,t20081017_786886,通 知,2008-10-17,"FU,RU",交易保证金、涨跌停板幅度,03,连续涨跌停及规则触发扩板,0.78,https://www.shfe.com.cn/publicnotice/notice/200810/t20081017_786886.html,E:\AAAAAAAAAAAAAAAAA\SW\SHFE\SHFE 公告数据库\00_公共基础库\SHFE原始公告数据库_v1.0_20001008-20260811\details\200810\t20081017_786886.html
P0,t20081023_786893,通 知,2008-10-23,FU,交易保证金、涨跌停板幅度,03,连续涨跌停及规则触发扩板,0.78,https://www.shfe.com.cn/publicnotice/notice/200810/t20081023_786893.html,E:\AAAAAAAAAAAAAAAAA\SW\SHFE\SHFE 公告数据库\00_公共基础库\SHFE原始公告数据库_v1.0_20001008-20260811\details\200810\t20081023_786893.html
P0,t20081024_786902,通 知,2008-10-24,"CU,ZN",交易保证金、涨跌停板幅度,03,连续涨跌停及规则触发扩板,0.78,https://www.shfe.com.cn/publicnotice/notice/200810/t20081024_786902.html,E:\AAAAAAAAAAAAAAAAA\SW\SHFE\SHFE 公告数据库\00_公共基础库\SHFE原始公告数据库_v1.0_20001008-20260811\details\200810\t20081024_786902.html
P0,t20081027_786907,通 知,2008-10-27,AU,交易保证金、涨跌停板幅度,03,连续涨跌停及规则触发扩板,0.78,https://www.shfe.com.cn/publicnotice/notice/200810/t20081027_786907.html,E:\AAAAAAAAAAAAAAAAA\SW\SHFE\SHFE 公告数据库\00_公共基础库\SHFE原始公告数据库_v1.0_20001008-20260811\details\200810\t20081027_786907.html
P0,t20081031_786915,通 知,2008-10-31,CU,交易保证金、涨跌停板幅度,03,连续涨跌停及规则触发扩板,0.78,https://www.shfe.com.cn/publicnotice/notice/200810/t20081031_786915.html,E:\AAAAAAAAAAAAAAAAA\SW\SHFE\SHFE 公告数据库\00_公共基础库\SHFE原始公告数据库_v1.0_20001008-20260811\details\200810\t20081031_786915.html
P0,t20081111_786930,通 知,2008-11-11,CU,交易保证金、涨跌停板幅度,03,连续涨跌停及规则触发扩板,0.78,https://www.shfe.com.cn/publicnotice/notice/200811/t20081111_786930.html,E:\AAAAAAAAAAAAAAAAA\SW\SHFE\SHFE 公告数据库\00_公共基础库\SHFE原始公告数据库_v1.0_20001008-20260811\details\200811\t20081111_786930.html
P0,t20081209_786980,通 知,2008-12-09,CU,交易保证金、涨跌停板幅度,03,连续涨跌停及规则触发扩板,0.78,https://www.shfe.com.cn/publicnotice/notice/200812/t20081209_786980.html,E:\AAAAAAAAAAAAAAAAA\SW\SHFE\SHFE 公告数据库\00_公共基础库\SHFE原始公告数据库_v1.0_20001008-20260811\details\200812\t20081209_786980.html
P0,t20081224_787011,关于做好2009年“元旦”期间市场风险控制工作的通知,2008-12-24,"AU,FU,RU,ZN",交易保证金、涨跌停板幅度,01,节假日安排与节前后调整,0.95,https://www.shfe.com.cn/publicnotice/notice/200812/t20081224_787011.html,E:\AAAAAAAAAAAAAAAAA\SW\SHFE\SHFE 公告数据库\00_公共基础库\SHFE原始公告数据库_v1.0_20001008-20260811\details\200812\t20081224_787011.html
P0,t20090107_787042,通 知,2009-01-07,"CU,RU",交易保证金、涨跌停板幅度,03,连续涨跌停及规则触发扩板,0.78,https://www.shfe.com.cn/publicnotice/notice/200901/t20090107_787042.html,E:\AAAAAAAAAAAAAAAAA\SW\SHFE\SHFE 公告数据库\00_公共基础库\SHFE原始公告数据库_v1.0_20001008-20260811\details\200901\t20090107_787042.html
P0,t20090108_787045,通 知,2009-01-08,CU,交易保证金、涨跌停板幅度,03,连续涨跌停及规则触发扩板,0.78,https://www.shfe.com.cn/publicnotice/notice/200901/t20090108_787045.html,E:\AAAAAAAAAAAAAAAAA\SW\SHFE\SHFE 公告数据库\00_公共基础库\SHFE原始公告数据库_v1.0_20001008-20260811\details\200901\t20090108_787045.html
P0,t20090113_787050,关于做好2009年春节长假市场风险控制工作的通知,2009-01-13,"AU,FU,RU,ZN",交易保证金、持仓限额、涨跌停板幅度,01,节假日安排与节前后调整,0.95,https://www.shfe.com.cn/publicnotice/notice/200901/t20090113_787050.html,E:\AAAAAAAAAAAAAAAAA\SW\SHFE\SHFE 公告数据库\00_公共基础库\SHFE原始公告数据库_v1.0_20001008-20260811\details\200901\t20090113_787050.html
P0,t20090202_787072,通 知,2009-02-02,CU,交易保证金、涨跌停板幅度,03,连续涨跌停及规则触发扩板,0.78,https://www.shfe.com.cn/publicnotice/notice/200902/t20090202_787072.html,E:\AAAAAAAAAAAAAAAAA\SW\SHFE\SHFE 公告数据库\00_公共基础库\SHFE原始公告数据库_v1.0_20001008-20260811\details\200902\t20090202_787072.html
P0,t20090317_787134,关于交易系统测试的通知,2009-03-17,"RB,WR",交割参数、交易保证金、夜盘安排,04,合约上市、挂牌与参数初始化,0.78,https://www.shfe.com.cn/publicnotice/notice/200903/t20090317_787134.html,E:\AAAAAAAAAAAAAAAAA\SW\SHFE\SHFE 公告数据库\00_公共基础库\SHFE原始公告数据库_v1.0_20001008-20260811\details\200903\t20090317_787134.html
P0,t20090323_787145,关于螺纹钢和线材期货上市交易有关事项的通知,2009-03-23,"RB,WR",交割参数、手续费、交易保证金、涨跌停板幅度,04,合约上市、挂牌与参数初始化,0.95,https://www.shfe.com.cn/publicnotice/notice/200903/t20090323_787145.html,E:\AAAAAAAAAAAAAAAAA\SW\SHFE\SHFE 公告数据库\00_公共基础库\SHFE原始公告数据库_v1.0_20001008-20260811\details\200903\t20090323_787145.html
P0,t20090423_787219,关于做好2009年“五一”期间市场风险控制工作的通知,2009-04-23,"AU,FU,RB,RU",交易保证金、持仓限额、涨跌停板幅度,02,市场波动下的临时风险控制,0.95,https://www.shfe.com.cn/publicnotice/notice/200904/t20090423_787219.html,E:\AAAAAAAAAAAAAAAAA\SW\SHFE\SHFE 公告数据库\00_公共基础库\SHFE原始公告数据库_v1.0_20001008-20260811\details\200904\t20090423_787219.html
P0,t20090520_787263,关于做好2009年“端午节”期间市场风险控制工作的通知,2009-05-20,"AU,FU,RB,RU",交易保证金、持仓限额、涨跌停板幅度,01,节假日安排与节前后调整,0.95,https://www.shfe.com.cn/publicnotice/notice/200905/t20090520_787263.html,E:\AAAAAAAAAAAAAAAAA\SW\SHFE\SHFE 公告数据库\00_公共基础库\SHFE原始公告数据库_v1.0_20001008-20260811\details\200905\t20090520_787263.html
P0,t20090915_787435,关于做好2009年国庆中秋长假期间市场风险控制工作的通知,2009-09-15,"AL,AU,CU,FU,RB,RU,WR,ZN",交易保证金、持仓限额、涨跌停板幅度、交易时间,01,节假日安排与节前后调整,0.95,https://www.shfe.com.cn/publicnotice/notice/200909/t20090915_787435.html,E:\AAAAAAAAAAAAAAAAA\SW\SHFE\SHFE 公告数据库\00_公共基础库\SHFE原始公告数据库_v1.0_20001008-20260811\details\200909\t20090915_787435.html
P0,t20091204_787590,关于2010年2月份相关合约调整事项的提示性通知,2009-12-04,RB,交易时间,01,节假日安排与节前后调整,0.78,https://www.shfe.com.cn/publicnotice/notice/200912/t20091204_787590.html,E:\AAAAAAAAAAAAAAAAA\SW\SHFE\SHFE 公告数据库\00_公共基础库\SHFE原始公告数据库_v1.0_20001008-20260811\details\200912\t20091204_787590.html
P0,t20091211_787600,关于做好螺纹钢和天然橡胶期货合约手续费与交易量关系短期测...,2009-12-11,"RB,RU",手续费,02,市场波动下的临时风险控制,0.78,https://www.shfe.com.cn/publicnotice/notice/200912/t20091211_787600.html,E:\AAAAAAAAAAAAAAAAA\SW\SHFE\SHFE 公告数据库\00_公共基础库\SHFE原始公告数据库_v1.0_20001008-20260811\details\200912\t20091211_787600.html
P0,t20091224_787616,关于做好2010年“元旦”期间市场风险控制工作的通知,2009-12-24,"AU,FU,RB,RU",交易保证金、持仓限额、涨跌停板幅度,01,节假日安排与节前后调整,0.95,https://www.shfe.com.cn/publicnotice/notice/200912/t20091224_787616.html,E:\AAAAAAAAAAAAAAAAA\SW\SHFE\SHFE 公告数据库\00_公共基础库\SHFE原始公告数据库_v1.0_20001008-20260811\details\200912\t20091224_787616.html
P0,t20100204_787690,关于做好2010年春节期间市场风险控制工作的通知,2010-02-04,"AU,FU,RB,RU",交易保证金、涨跌停板幅度,01,节假日安排与节前后调整,0.95,https://www.shfe.com.cn/publicnotice/notice/201002/t20100204_787690.html,E:\AAAAAAAAAAAAAAAAA\SW\SHFE\SHFE 公告数据库\00_公共基础库\SHFE原始公告数据库_v1.0_20001008-20260811\details\201002\t20100204_787690.html
P0,t20100325_787745,关于做好2010年清明节期间市场风险控制工作的通知,2010-03-25,"AU,FU,RB,RU",交易保证金、涨跌停板幅度,01,节假日安排与节前后调整,0.95,https://www.shfe.com.cn/publicnotice/notice/201003/t20100325_787745.html,E:\AAAAAAAAAAAAAAAAA\SW\SHFE\SHFE 公告数据库\00_公共基础库\SHFE原始公告数据库_v1.0_20001008-20260811\details\201003\t20100325_787745.html
P0,t20100422_787777,关于做好2010年“五一”期间市场风险控制工作的通知,2010-04-22,"AU,FU,RB,RU",交割参数、交易保证金、持仓限额、涨跌停板幅度,02,市场波动下的临时风险控制,0.95,https://www.shfe.com.cn/publicnotice/notice/201004/t20100422_787777.html,E:\AAAAAAAAAAAAAAAAA\SW\SHFE\SHFE 公告数据库\00_公共基础库\SHFE原始公告数据库_v1.0_20001008-20260811\details\201004\t20100422_787777.html
P0,t20100603_787830,关于做好2010年“端午节”期间市场风险控制工作的通知,2010-06-03,"AL,AU,CU,FU,RB,RU,WR,ZN",交易保证金、涨跌停板幅度,01,节假日安排与节前后调整,0.95,https://www.shfe.com.cn/publicnotice/notice/201006/t20100603_787830.html,E:\AAAAAAAAAAAAAAAAA\SW\SHFE\SHFE 公告数据库\00_公共基础库\SHFE原始公告数据库_v1.0_20001008-20260811\details\201006\t20100603_787830.html
P0,t20100913_787963,关于做好2010年中秋国庆两节期间市场风险控制工作的通知,2010-09-13,"AL,AU,CU,FU,RB,RU,WR,ZN",交易保证金、持仓限额、涨跌停板幅度,01,节假日安排与节前后调整,0.95,https://www.shfe.com.cn/publicnotice/notice/201009/t20100913_787963.html,E:\AAAAAAAAAAAAAAAAA\SW\SHFE\SHFE 公告数据库\00_公共基础库\SHFE原始公告数据库_v1.0_20001008-20260811\details\201009\t20100913_787963.html
P0,t20101125_788068,关于调整上市品种交易保证金、涨跌停板和交易手续费的通知,2010-11-25,"AU,FU,RB,RU",手续费、交易保证金、涨跌停板幅度,06,交易限额、持仓限额与异常交易管理,0.78,https://www.shfe.com.cn/publicnotice/notice/201011/t20101125_788068.html,E:\AAAAAAAAAAAAAAAAA\SW\SHFE\SHFE 公告数据库\00_公共基础库\SHFE原始公告数据库_v1.0_20001008-20260811\details\201011\t20101125_788068.html
P0,t20101215_788098,关于开展2010年度会员综合评优活动的通知,2010-12-15,RB,交易保证金,08,其他特殊风险处置与应急安排,0.45,https://www.shfe.com.cn/publicnotice/notice/201012/t20101215_788098.html,E:\AAAAAAAAAAAAAAAAA\SW\SHFE\SHFE 公告数据库\00_公共基础库\SHFE原始公告数据库_v1.0_20001008-20260811\details\201012\t20101215_788098.html
P0,t20110124_788174,关于做好2011年春节期间市场风险控制工作的通知,2011-01-24,"AU,FU,RB,RU",交易保证金、涨跌停板幅度,01,节假日安排与节前后调整,0.95,https://www.shfe.com.cn/publicnotice/notice/201101/t20110124_788174.html,E:\AAAAAAAAAAAAAAAAA\SW\SHFE\SHFE 公告数据库\00_公共基础库\SHFE原始公告数据库_v1.0_20001008-20260811\details\201101\t20110124_788174.html
P0,t20110125_788177,关于燃料油期货合约及规则修订视频培训讲座的通知,2011-01-25,FU,持仓限额,07,制度、规则和长期参数标准调整,0.95,https://www.shfe.com.cn/publicnotice/notice/201101/t20110125_788177.html,E:\AAAAAAAAAAAAAAAAA\SW\SHFE\SHFE 公告数据库\00_公共基础库\SHFE原始公告数据库_v1.0_20001008-20260811\details\201101\t20110125_788177.html
P0,t20110325_788316,关于做好2011年清明节期间市场风险控制工作的通知,2011-03-25,"AU,CU,FU,RB,RU",交易保证金、持仓限额,01,节假日安排与节前后调整,0.95,https://www.shfe.com.cn/publicnotice/notice/201103/t20110325_788316.html,E:\AAAAAAAAAAAAAAAAA\SW\SHFE\SHFE 公告数据库\00_公共基础库\SHFE原始公告数据库_v1.0_20001008-20260811\details\201103\t20110325_788316.html
P0,t20110425_788362,关于做好2011年劳动节期间市场风险控制工作通知,2011-04-25,"AU,FU,PB,RB,RU,WR",交易保证金、持仓限额、涨跌停板幅度,01,节假日安排与节前后调整,0.95,https://www.shfe.com.cn/publicnotice/notice/201104/t20110425_788362.html,E:\AAAAAAAAAAAAAAAAA\SW\SHFE\SHFE 公告数据库\00_公共基础库\SHFE原始公告数据库_v1.0_20001008-20260811\details\201104\t20110425_788362.html
P0,t20110527_788416,关于做好2011年端午节期间市场风险控制工作的通知,2011-05-27,"AL,AU,FU,RB,RU,WR",交易保证金、涨跌停板幅度,01,节假日安排与节前后调整,0.95,https://www.shfe.com.cn/publicnotice/notice/201105/t20110527_788416.html,E:\AAAAAAAAAAAAAAAAA\SW\SHFE\SHFE 公告数据库\00_公共基础库\SHFE原始公告数据库_v1.0_20001008-20260811\details\201105\t20110527_788416.html
P0,t20110726_788509,关于调整部分品种交易手续费和交易保证金收取标准的通知,2011-07-26,"AU,CU,PB,RB",手续费、交易保证金,08,其他特殊风险处置与应急安排,0.45,https://www.shfe.com.cn/publicnotice/notice/201107/t20110726_788509.html,E:\AAAAAAAAAAAAAAAAA\SW\SHFE\SHFE 公告数据库\00_公共基础库\SHFE原始公告数据库_v1.0_20001008-20260811\details\201107\t20110726_788509.html
P0,t20110922_788624,关于做好2011年国庆节期间市场风险控制工作的通知,2011-09-22,"AL,AU,FU,RB,RU",交易保证金、持仓限额、涨跌停板幅度,01,节假日安排与节前后调整,0.95,https://www.shfe.com.cn/publicnotice/notice/201109/t20110922_788624.html,E:\AAAAAAAAAAAAAAAAA\SW\SHFE\SHFE 公告数据库\00_公共基础库\SHFE原始公告数据库_v1.0_20001008-20260811\details\201109\t20110922_788624.html
P0,t20111111_788696,关于调整部分品种交易保证金收取比例和涨跌停板幅度的通知,2011-11-11,"AL,CU",交易保证金、涨跌停板幅度,08,其他特殊风险处置与应急安排,0.45,https://www.shfe.com.cn/publicnotice/notice/201111/t20111111_788696.html,E:\AAAAAAAAAAAAAAAAA\SW\SHFE\SHFE 公告数据库\00_公共基础库\SHFE原始公告数据库_v1.0_20001008-20260811\details\201111\t20111111_788696.html
P0,t20111122_788709,关于开展2011年度会员综合评优活动的通知,2011-11-22,RB,交易保证金,08,其他特殊风险处置与应急安排,0.45,https://www.shfe.com.cn/publicnotice/notice/201111/t20111122_788709.html,E:\AAAAAAAAAAAAAAAAA\SW\SHFE\SHFE 公告数据库\00_公共基础库\SHFE原始公告数据库_v1.0_20001008-20260811\details\201111\t20111122_788709.html
P0,t20120111_788799,关于做好2012年春节期间市场风险控制工作的通知,2012-01-11,"AU,CU,FU,RB,RU",交易保证金、涨跌停板幅度、交易时间,01,节假日安排与节前后调整,0.95,https://www.shfe.com.cn/publicnotice/notice/201201/t20120111_788799.html,E:\AAAAAAAAAAAAAAAAA\SW\SHFE\SHFE 公告数据库\00_公共基础库\SHFE原始公告数据库_v1.0_20001008-20260811\details\201201\t20120111_788799.html
P0,t20120322_788912,关于做好2012年清明节期间市场风险控制工作的通知,2012-03-22,"AU,CU,FU,RB,RU",交易保证金、持仓限额、涨跌停板幅度,01,节假日安排与节前后调整,0.95,https://www.shfe.com.cn/publicnotice/notice/201203/t20120322_788912.html,E:\AAAAAAAAAAAAAAAAA\SW\SHFE\SHFE 公告数据库\00_公共基础库\SHFE原始公告数据库_v1.0_20001008-20260811\details\201203\t20120322_788912.html
P0,t20120419_788944,关于做好2012年劳动节期间市场风险控制工作的通知,2012-04-19,"AL,CU,FU,RB,RU,WR",交易保证金、持仓限额、涨跌停板幅度,01,节假日安排与节前后调整,0.95,https://www.shfe.com.cn/publicnotice/notice/201204/t20120419_788944.html,E:\AAAAAAAAAAAAAAAAA\SW\SHFE\SHFE 公告数据库\00_公共基础库\SHFE原始公告数据库_v1.0_20001008-20260811\details\201204\t20120419_788944.html
P0,t20120427_788965,关于交易系统测试的通知,2012-04-27,AG,交割参数、交易保证金、夜盘安排,01,节假日安排与节前后调整,0.78,https://www.shfe.com.cn/publicnotice/notice/201204/t20120427_788965.html,E:\AAAAAAAAAAAAAAAAA\SW\SHFE\SHFE 公告数据库\00_公共基础库\SHFE原始公告数据库_v1.0_20001008-20260811\details\201204\t20120427_788965.html
P0,t20120504_788992,关于白银期货上市交易有关事项的通知,2012-05-04,AG,手续费、交易保证金、涨跌停板幅度,04,合约上市、挂牌与参数初始化,0.95,https://www.shfe.com.cn/publicnotice/notice/201205/t20120504_788992.html,E:\AAAAAAAAAAAAAAAAA\SW\SHFE\SHFE 公告数据库\00_公共基础库\SHFE原始公告数据库_v1.0_20001008-20260811\details\201205\t20120504_788992.html
P0,t20120920_789217,关于做好2012年中秋节和国庆节期间市场风险控制工作的通知,2012-09-20,"AG,AL,AU,FU,RB,RU",交割参数、交易保证金、持仓限额、涨跌停板幅度,01,节假日安排与节前后调整,0.95,https://www.shfe.com.cn/publicnotice/notice/201209/t20120920_789217.html,E:\AAAAAAAAAAAAAAAAA\SW\SHFE\SHFE 公告数据库\00_公共基础库\SHFE原始公告数据库_v1.0_20001008-20260811\details\201209\t20120920_789217.html
P0,t20121224_789368,关于做好2013年元旦期间市场风险控制工作的通知,2012-12-24,"AG,AL,AU,FU,RB,RU",交割参数、交易保证金、持仓限额、涨跌停板幅度,01,节假日安排与节前后调整,0.95,https://www.shfe.com.cn/publicnotice/notice/201212/t20121224_789368.html,E:\AAAAAAAAAAAAAAAAA\SW\SHFE\SHFE 公告数据库\00_公共基础库\SHFE原始公告数据库_v1.0_20001008-20260811\details\201212\t20121224_789368.html
P0,t20130131_789442,关于做好2013年春节期间市场风险控制工作的通知,2013-01-31,"AG,AL,AU,FU,RB,RU,ZN",交割参数、交易保证金、涨跌停板幅度,01,节假日安排与节前后调整,0.95,https://www.shfe.com.cn/publicnotice/notice/201301/t20130131_789442.html,E:\AAAAAAAAAAAAAAAAA\SW\SHFE\SHFE 公告数据库\00_公共基础库\SHFE原始公告数据库_v1.0_20001008-20260811\details\201301\t20130131_789442.html
P0,t20130326_789519,关于做好2013年清明节期间市场风险控制工作的通知,2013-03-26,"AG,AL,AU,FU,RB,RU,ZN",交割参数、交易保证金、涨跌停板幅度,01,节假日安排与节前后调整,0.95,https://www.shfe.com.cn/publicnotice/notice/201303/t20130326_789519.html,E:\AAAAAAAAAAAAAAAAA\SW\SHFE\SHFE 公告数据库\00_公共基础库\SHFE原始公告数据库_v1.0_20001008-20260811\details\201303\t20130326_789519.html
P0,t20130418_789558,关于做好2013年劳动节期间市场风险控制工作的通知,2013-04-18,"AG,AL,AU,CU,FU,RB,RU,WR,ZN",交割参数、交易保证金、持仓限额、涨跌停板幅度,01,节假日安排与节前后调整,0.95,https://www.shfe.com.cn/publicnotice/notice/201304/t20130418_789558.html,E:\AAAAAAAAAAAAAAAAA\SW\SHFE\SHFE 公告数据库\00_公共基础库\SHFE原始公告数据库_v1.0_20001008-20260811\details\201304\t20130418_789558.html
P0,t20130530_789629,关于做好2013年端午节期间市场风险控制工作的通知,2013-05-30,"AG,AL,AU,FU,RB,RU,WR,ZN",交割参数、交易保证金、涨跌停板幅度,01,节假日安排与节前后调整,0.95,https://www.shfe.com.cn/publicnotice/notice/201305/t20130530_789629.html,E:\AAAAAAAAAAAAAAAAA\SW\SHFE\SHFE 公告数据库\00_公共基础库\SHFE原始公告数据库_v1.0_20001008-20260811\details\201305\t20130530_789629.html
P0,t20130604_789647,关于印发黄金、白银和螺纹钢等3个期货合约和连续交易细则等7...,2013-06-04,"AG,AU,FU,RB",交割参数、合约挂牌参数、夜盘安排、交易时间,04,合约上市、挂牌与参数初始化,0.78,https://www.shfe.com.cn/publicnotice/notice/201306/t20130604_789647.html,E:\AAAAAAAAAAAAAAAAA\SW\SHFE\SHFE 公告数据库\00_公共基础库\SHFE原始公告数据库_v1.0_20001008-20260811\details\201306\t20130604_789647.html
P0,t20130607_789661,关于连续交易上线运行有关事项的通知,2013-06-07,"AG,AU",夜盘安排、交易时间,01,节假日安排与节前后调整,0.78,https://www.shfe.com.cn/publicnotice/notice/201306/t20130607_789661.html,E:\AAAAAAAAAAAAAAAAA\SW\SHFE\SHFE 公告数据库\00_公共基础库\SHFE原始公告数据库_v1.0_20001008-20260811\details\201306\t20130607_789661.html
P0,t20130910_789835,关于做好2013年中秋节和国庆节期间市场风险控制工作的通知,2013-09-10,"AG,AL,AU,FU,PB,RB,RU,WR,ZN",交割参数、交易保证金、持仓限额、涨跌停板幅度,01,节假日安排与节前后调整,0.95,https://www.shfe.com.cn/publicnotice/notice/201309/t20130910_789835.html,E:\AAAAAAAAAAAAAAAAA\SW\SHFE\SHFE 公告数据库\00_公共基础库\SHFE原始公告数据库_v1.0_20001008-20260811\details\201309\t20130910_789835.html
P0,t20130910_789836,关于2013年中秋节和国庆节期间连续交易时间安排的通知,2013-09-10,"AG,AU",夜盘安排、交易时间,01,节假日安排与节前后调整,0.95,https://www.shfe.com.cn/publicnotice/notice/201309/t20130910_789836.html,E:\AAAAAAAAAAAAAAAAA\SW\SHFE\SHFE 公告数据库\00_公共基础库\SHFE原始公告数据库_v1.0_20001008-20260811\details\201309\t20130910_789836.html
P0,t20131030_789988,关于非套期保值持仓限仓方案的通知,2013-10-30,FU,交割参数、持仓限额,06,交易限额、持仓限额与异常交易管理,0.95,https://www.shfe.com.cn/publicnotice/notice/201310/t20131030_789988.html,E:\AAAAAAAAAAAAAAAAA\SW\SHFE\SHFE 公告数据库\00_公共基础库\SHFE原始公告数据库_v1.0_20001008-20260811\details\201310\t20131030_789988.html
P0,t20131114_790005,关于交易系统测试的通知,2013-11-14,"AG,AU,FU,PB,RB,RU",交易保证金、夜盘安排、交易时间,07,制度、规则和长期参数标准调整,0.78,https://www.shfe.com.cn/publicnotice/notice/201311/t20131114_790005.html,E:\AAAAAAAAAAAAAAAAA\SW\SHFE\SHFE 公告数据库\00_公共基础库\SHFE原始公告数据库_v1.0_20001008-20260811\details\201311\t20131114_790005.html
P0,t20131127_790032,关于印发阴极铜、铝、锌、铅四个期货合约修订案的公告,2013-11-27,"CU,PB,ZN",夜盘安排,07,制度、规则和长期参数标准调整,0.95,https://www.shfe.com.cn/publicnotice/notice/201311/t20131127_790032.html,E:\AAAAAAAAAAAAAAAAA\SW\SHFE\SHFE 公告数据库\00_公共基础库\SHFE原始公告数据库_v1.0_20001008-20260811\details\201311\t20131127_790032.html
P0,t20140122_790165,关于做好2014年春节期间市场风险控制工作的通知,2014-01-22,"AG,AL,AU,BU,FU,RB,RU,WR",交割参数、交易保证金、持仓限额、涨跌停板幅度,01,节假日安排与节前后调整,0.95,https://www.shfe.com.cn/publicnotice/notice/201401/t20140122_790165.html,E:\AAAAAAAAAAAAAAAAA\SW\SHFE\SHFE 公告数据库\00_公共基础库\SHFE原始公告数据库_v1.0_20001008-20260811\details\201401\t20140122_790165.html
P0,t20140122_790166,关于2014年春节期间连续交易时间安排的通知,2014-01-22,"AG,AU,PB",夜盘安排、交易时间,01,节假日安排与节前后调整,0.95,https://www.shfe.com.cn/publicnotice/notice/201401/t20140122_790166.html,E:\AAAAAAAAAAAAAAAAA\SW\SHFE\SHFE 公告数据库\00_公共基础库\SHFE原始公告数据库_v1.0_20001008-20260811\details\201401\t20140122_790166.html
P0,t20140328_790306,关于2014年清明节期间连续交易时间安排的通知,2014-03-28,"AG,AU,PB",夜盘安排、交易时间,01,节假日安排与节前后调整,0.95,https://www.shfe.com.cn/publicnotice/notice/201403/t20140328_790306.html,E:\AAAAAAAAAAAAAAAAA\SW\SHFE\SHFE 公告数据库\00_公共基础库\SHFE原始公告数据库_v1.0_20001008-20260811\details\201403\t20140328_790306.html
P0,t20140422_790345,关于2014年劳动节期间连续交易时间安排的通知,2014-04-22,"AG,AU,PB",夜盘安排、交易时间,01,节假日安排与节前后调整,0.95,https://www.shfe.com.cn/publicnotice/notice/201404/t20140422_790345.html,E:\AAAAAAAAAAAAAAAAA\SW\SHFE\SHFE 公告数据库\00_公共基础库\SHFE原始公告数据库_v1.0_20001008-20260811\details\201404\t20140422_790345.html
P0,t20140422_790346,关于做好2014年劳动节期间市场风险控制工作的通知,2014-04-22,"AG,AL,AU,FU,HC,PB,RB,RU",交割参数、交易保证金、持仓限额、涨跌停板幅度,01,节假日安排与节前后调整,0.95,https://www.shfe.com.cn/publicnotice/notice/201404/t20140422_790346.html,E:\AAAAAAAAAAAAAAAAA\SW\SHFE\SHFE 公告数据库\00_公共基础库\SHFE原始公告数据库_v1.0_20001008-20260811\details\201404\t20140422_790346.html
P0,t20140523_790399,关于2014年端午节期间连续交易时间安排的通知,2014-05-23,"AG,AU,PB",夜盘安排、交易时间,01,节假日安排与节前后调整,0.95,https://www.shfe.com.cn/publicnotice/notice/201405/t20140523_790399.html,E:\AAAAAAAAAAAAAAAAA\SW\SHFE\SHFE 公告数据库\00_公共基础库\SHFE原始公告数据库_v1.0_20001008-20260811\details\201405\t20140523_790399.html
P0,t20140523_790400,关于做好2014年端午节期间市场风险控制工作的通知,2014-05-23,"AG,AU,BU,FU,HC,RB",交割参数、交易保证金、持仓限额、涨跌停板幅度,01,节假日安排与节前后调整,0.95,https://www.shfe.com.cn/publicnotice/notice/201405/t20140523_790400.html,E:\AAAAAAAAAAAAAAAAA\SW\SHFE\SHFE 公告数据库\00_公共基础库\SHFE原始公告数据库_v1.0_20001008-20260811\details\201405\t20140523_790400.html
P0,t20140829_790562,关于2014年中秋节期间连续交易时间安排的通知,2014-08-29,"AG,AU,PB",夜盘安排、交易时间,01,节假日安排与节前后调整,0.95,https://www.shfe.com.cn/publicnotice/notice/201408/t20140829_790562.html,E:\AAAAAAAAAAAAAAAAA\SW\SHFE\SHFE 公告数据库\00_公共基础库\SHFE原始公告数据库_v1.0_20001008-20260811\details\201408\t20140829_790562.html
P0,t20140923_790591,关于2014年国庆节期间连续交易时间安排的通知,2014-09-23,"AG,AU,PB",夜盘安排、交易时间,01,节假日安排与节前后调整,0.95,https://www.shfe.com.cn/publicnotice/notice/201409/t20140923_790591.html,E:\AAAAAAAAAAAAAAAAA\SW\SHFE\SHFE 公告数据库\00_公共基础库\SHFE原始公告数据库_v1.0_20001008-20260811\details\201409\t20140923_790591.html
P0,t20140923_790592,关于做好2014年国庆节期间市场风险控制工作的通知,2014-09-23,"AG,AU,BU,FU,HC,RB,RU,WR,ZN",交割参数、交易保证金、持仓限额、涨跌停板幅度,01,节假日安排与节前后调整,0.95,https://www.shfe.com.cn/publicnotice/notice/201409/t20140923_790592.html,E:\AAAAAAAAAAAAAAAAA\SW\SHFE\SHFE 公告数据库\00_公共基础库\SHFE原始公告数据库_v1.0_20001008-20260811\details\201409\t20140923_790592.html
P0,t20141211_790716,关于交易系统测试的通知,2014-12-11,"FU,HC,RB,RU,WR",夜盘安排,08,其他特殊风险处置与应急安排,0.45,https://www.shfe.com.cn/publicnotice/notice/201412/t20141211_790716.html,E:\AAAAAAAAAAAAAAAAA\SW\SHFE\SHFE 公告数据库\00_公共基础库\SHFE原始公告数据库_v1.0_20001008-20260811\details\201412\t20141211_790716.html
P0,t20141222_790735,关于印发螺纹钢、天然橡胶两个期货合约修订案的公告,2014-12-22,"RB,RU",夜盘安排,07,制度、规则和长期参数标准调整,0.95,https://www.shfe.com.cn/publicnotice/notice/201412/t20141222_790735.html,E:\AAAAAAAAAAAAAAAAA\SW\SHFE\SHFE 公告数据库\00_公共基础库\SHFE原始公告数据库_v1.0_20001008-20260811\details\201412\t20141222_790735.html
P0,t20141222_790736,关于螺纹钢、热轧卷板、天然橡胶和石油沥青连续交易上线运行...,2014-12-22,"HC,RB,RU",交割参数、夜盘安排、交易时间,01,节假日安排与节前后调整,0.78,https://www.shfe.com.cn/publicnotice/notice/201412/t20141222_790736.html,E:\AAAAAAAAAAAAAAAAA\SW\SHFE\SHFE 公告数据库\00_公共基础库\SHFE原始公告数据库_v1.0_20001008-20260811\details\201412\t20141222_790736.html
P0,t20141224_790743,关于做好2015年元旦期间市场风险控制工作的通知,2014-12-24,"AG,AU,BU,FU,HC,RB,RU",交割参数、交易保证金、持仓限额、涨跌停板幅度,01,节假日安排与节前后调整,0.95,https://www.shfe.com.cn/publicnotice/notice/201412/t20141224_790743.html,E:\AAAAAAAAAAAAAAAAA\SW\SHFE\SHFE 公告数据库\00_公共基础库\SHFE原始公告数据库_v1.0_20001008-20260811\details\201412\t20141224_790743.html
P0,t20141224_790744,关于2015年元旦期间连续交易时间安排的通知,2014-12-24,"AG,AU,BU,HC,RB,RU",夜盘安排、交易时间,01,节假日安排与节前后调整,0.95,https://www.shfe.com.cn/publicnotice/notice/201412/t20141224_790744.html,E:\AAAAAAAAAAAAAAAAA\SW\SHFE\SHFE 公告数据库\00_公共基础库\SHFE原始公告数据库_v1.0_20001008-20260811\details\201412\t20141224_790744.html
P0,t20141224_790745,关于调整线材和燃料油期货交易保证金标准的通知,2014-12-24,FU,交易保证金,07,制度、规则和长期参数标准调整,0.78,https://www.shfe.com.cn/publicnotice/notice/201412/t20141224_790745.html,E:\AAAAAAAAAAAAAAAAA\SW\SHFE\SHFE 公告数据库\00_公共基础库\SHFE原始公告数据库_v1.0_20001008-20260811\details\201412\t20141224_790745.html
P0,t20150209_790812,关于2015年春节期间连续交易时间安排的通知,2015-02-09,"AG,AU,BU,HC,RB,RU",夜盘安排、交易时间,01,节假日安排与节前后调整,0.95,https://www.shfe.com.cn/publicnotice/notice/201502/t20150209_790812.html,E:\AAAAAAAAAAAAAAAAA\SW\SHFE\SHFE 公告数据库\00_公共基础库\SHFE原始公告数据库_v1.0_20001008-20260811\details\201502\t20150209_790812.html
P0,t20150209_790813,关于做好2015年春节期间市场风险控制工作的通知,2015-02-09,"AG,AU,BU,CU,FU,HC,PB,RB,RU",交割参数、交易保证金、持仓限额、涨跌停板幅度,01,节假日安排与节前后调整,0.95,https://www.shfe.com.cn/publicnotice/notice/201502/t20150209_790813.html,E:\AAAAAAAAAAAAAAAAA\SW\SHFE\SHFE 公告数据库\00_公共基础库\SHFE原始公告数据库_v1.0_20001008-20260811\details\201502\t20150209_790813.html
P0,t20150327_790908,关于2015年清明节期间连续交易时间安排的通知,2015-03-27,"AG,AU,BU,HC,RB,RU",夜盘安排、交易时间,01,节假日安排与节前后调整,0.95,https://www.shfe.com.cn/publicnotice/notice/201503/t20150327_790908.html,E:\AAAAAAAAAAAAAAAAA\SW\SHFE\SHFE 公告数据库\00_公共基础库\SHFE原始公告数据库_v1.0_20001008-20260811\details\201503\t20150327_790908.html
P0,t20150423_790950,关于2015年劳动节期间连续交易时间安排的通知,2015-04-23,"AG,AU,BU,HC,RB,RU",夜盘安排、交易时间,01,节假日安排与节前后调整,0.95,https://www.shfe.com.cn/publicnotice/notice/201504/t20150423_790950.html,E:\AAAAAAAAAAAAAAAAA\SW\SHFE\SHFE 公告数据库\00_公共基础库\SHFE原始公告数据库_v1.0_20001008-20260811\details\201504\t20150423_790950.html
P0,t20150612_791010,关于2015年端午节期间连续交易时间安排的通知,2015-06-12,"AG,AU,BU,HC,RB,RU",夜盘安排、交易时间,01,节假日安排与节前后调整,0.95,https://www.shfe.com.cn/publicnotice/notice/201506/t20150612_791010.html,E:\AAAAAAAAAAAAAAAAA\SW\SHFE\SHFE 公告数据库\00_公共基础库\SHFE原始公告数据库_v1.0_20001008-20260811\details\201506\t20150612_791010.html
P0,t20150825_791122,关于做好中国人民抗日战争暨世界反法西斯战争胜利70周年纪念...,2015-08-25,"AG,AU,BU,FU,HC,RB,RU,SN,WR",交割参数、交易保证金、持仓限额、涨跌停板幅度,01,节假日安排与节前后调整,0.78,https://www.shfe.com.cn/publicnotice/notice/201508/t20150825_791122.html,E:\AAAAAAAAAAAAAAAAA\SW\SHFE\SHFE 公告数据库\00_公共基础库\SHFE原始公告数据库_v1.0_20001008-20260811\details\201508\t20150825_791122.html
P0,t20150825_791123,关于中国人民抗日战争暨世界反法西斯战争胜利70周年纪念日期...,2015-08-25,"AG,AU,BU,HC,RB,RU",夜盘安排、交易时间,08,其他特殊风险处置与应急安排,0.45,https://www.shfe.com.cn/publicnotice/notice/201508/t20150825_791123.html,E:\AAAAAAAAAAAAAAAAA\SW\SHFE\SHFE 公告数据库\00_公共基础库\SHFE原始公告数据库_v1.0_20001008-20260811\details\201508\t20150825_791123.html
P0,t20150918_791149,关于2015年中秋节期间连续交易时间安排的通知,2015-09-18,"AG,AU,BU,HC,RB,RU",夜盘安排、交易时间,01,节假日安排与节前后调整,0.95,https://www.shfe.com.cn/publicnotice/notice/201509/t20150918_791149.html,E:\AAAAAAAAAAAAAAAAA\SW\SHFE\SHFE 公告数据库\00_公共基础库\SHFE原始公告数据库_v1.0_20001008-20260811\details\201509\t20150918_791149.html
P0,t20150921_791153,关于2015年国庆节期间连续交易时间安排的通知,2015-09-21,"AG,AU,BU,HC,RB,RU",夜盘安排、交易时间,01,节假日安排与节前后调整,0.95,https://www.shfe.com.cn/publicnotice/notice/201509/t20150921_791153.html,E:\AAAAAAAAAAAAAAAAA\SW\SHFE\SHFE 公告数据库\00_公共基础库\SHFE原始公告数据库_v1.0_20001008-20260811\details\201509\t20150921_791153.html
P0,t20150921_791154,关于做好2015年国庆节期间市场风险控制工作的通知,2015-09-21,"AG,AU,BU,FU,HC,RB,RU,SN",交割参数、手续费、交易保证金、持仓限额、涨跌停板幅度,01,节假日安排与节前后调整,0.95,https://www.shfe.com.cn/publicnotice/notice/201509/t20150921_791154.html,E:\AAAAAAAAAAAAAAAAA\SW\SHFE\SHFE 公告数据库\00_公共基础库\SHFE原始公告数据库_v1.0_20001008-20260811\details\201509\t20150921_791154.html
P0,t20151225_791287,关于2016年元旦期间连续交易时间安排的通知,2015-12-25,"AG,AU,BU,HC,RB,RU",夜盘安排、交易时间,01,节假日安排与节前后调整,0.95,https://www.shfe.com.cn/publicnotice/notice/201512/t20151225_791287.html,E:\AAAAAAAAAAAAAAAAA\SW\SHFE\SHFE 公告数据库\00_公共基础库\SHFE原始公告数据库_v1.0_20001008-20260811\details\201512\t20151225_791287.html
P0,t20160122_791328,关于做好2016年春节期间市场风险控制工作的通知,2016-01-22,"AG,AU,BU,FU,HC,PB,RB,RU,SN,ZN",交割参数、交易保证金、持仓限额、涨跌停板幅度,01,节假日安排与节前后调整,0.95,https://www.shfe.com.cn/publicnotice/notice/201601/t20160122_791328.html,E:\AAAAAAAAAAAAAAAAA\SW\SHFE\SHFE 公告数据库\00_公共基础库\SHFE原始公告数据库_v1.0_20001008-20260811\details\201601\t20160122_791328.html
P0,t20160122_791329,关于2016年春节期间连续交易时间安排的通知,2016-01-22,"AG,AU,BU,HC,RB,RU",夜盘安排、交易时间,01,节假日安排与节前后调整,0.95,https://www.shfe.com.cn/publicnotice/notice/201601/t20160122_791329.html,E:\AAAAAAAAAAAAAAAAA\SW\SHFE\SHFE 公告数据库\00_公共基础库\SHFE原始公告数据库_v1.0_20001008-20260811\details\201601\t20160122_791329.html
P0,t20160315_791425,关于同意中储发展股份有限公司增加白银期货指定交割仓库核定...,2016-03-15,AG,交割参数,02,市场波动下的临时风险控制,0.78,https://www.shfe.com.cn/publicnotice/notice/201603/t20160315_791425.html,E:\AAAAAAAAAAAAAAAAA\SW\SHFE\SHFE 公告数据库\00_公共基础库\SHFE原始公告数据库_v1.0_20001008-20260811\details\201603\t20160315_791425.html
P0,t20160315_791426,关于同意中国外运华东有限公司增加白银期货指定交割仓库核定...,2016-03-15,AG,交割参数,02,市场波动下的临时风险控制,0.78,https://www.shfe.com.cn/publicnotice/notice/201603/t20160315_791426.html,E:\AAAAAAAAAAAAAAAAA\SW\SHFE\SHFE 公告数据库\00_公共基础库\SHFE原始公告数据库_v1.0_20001008-20260811\details\201603\t20160315_791426.html
P0,t20160325_791450,关于2016年清明节期间连续交易时间安排的通知,2016-03-25,"AG,AU,BU,HC,RB,RU",夜盘安排、交易时间,01,节假日安排与节前后调整,0.95,https://www.shfe.com.cn/publicnotice/notice/201603/t20160325_791450.html,E:\AAAAAAAAAAAAAAAAA\SW\SHFE\SHFE 公告数据库\00_公共基础库\SHFE原始公告数据库_v1.0_20001008-20260811\details\201603\t20160325_791450.html
P0,t20160325_791451,关于做好2016年清明节期间市场风险控制工作的通知,2016-03-25,"HC,RB,SN",交易保证金、涨跌停板幅度,01,节假日安排与节前后调整,0.95,https://www.shfe.com.cn/publicnotice/notice/201603/t20160325_791451.html,E:\AAAAAAAAAAAAAAAAA\SW\SHFE\SHFE 公告数据库\00_公共基础库\SHFE原始公告数据库_v1.0_20001008-20260811\details\201603\t20160325_791451.html
P0,t20160413_791497,关于印发《上海期货交易所结算细则》、《上海期货交易所交割...,2016-04-13,"AU,BU,FU",交割参数、夜盘安排、交易时间,07,制度、规则和长期参数标准调整,0.78,https://www.shfe.com.cn/publicnotice/notice/201604/t20160413_791497.html,E:\AAAAAAAAAAAAAAAAA\SW\SHFE\SHFE 公告数据库\00_公共基础库\SHFE原始公告数据库_v1.0_20001008-20260811\details\201604\t20160413_791497.html
P0,t20160415_791503,关于同意宁波港九龙仓仓储有限公司调整锌、铜期货交割仓库库...,2016-04-15,"CU,ZN",交割参数,02,市场波动下的临时风险控制,0.78,https://www.shfe.com.cn/publicnotice/notice/201604/t20160415_791503.html,E:\AAAAAAAAAAAAAAAAA\SW\SHFE\SHFE 公告数据库\00_公共基础库\SHFE原始公告数据库_v1.0_20001008-20260811\details\201604\t20160415_791503.html
P0,t20160426_791532,关于调整相关品种连续交易时间安排的通知,2016-04-26,"BU,HC,RB",夜盘安排、交易时间,08,其他特殊风险处置与应急安排,0.45,https://www.shfe.com.cn/publicnotice/notice/201604/t20160426_791532.html,E:\AAAAAAAAAAAAAAAAA\SW\SHFE\SHFE 公告数据库\00_公共基础库\SHFE原始公告数据库_v1.0_20001008-20260811\details\201604\t20160426_791532.html
P0,t20160426_791533,关于2016年劳动节期间连续交易时间安排的通知,2016-04-26,"AG,AU,RU",夜盘安排、交易时间,01,节假日安排与节前后调整,0.95,https://www.shfe.com.cn/publicnotice/notice/201604/t20160426_791533.html,E:\AAAAAAAAAAAAAAAAA\SW\SHFE\SHFE 公告数据库\00_公共基础库\SHFE原始公告数据库_v1.0_20001008-20260811\details\201604\t20160426_791533.html
P0,t20160426_791534,关于做好2016年劳动节期间市场风险控制工作的通知,2016-04-26,"HC,RB",交易保证金、涨跌停板幅度,01,节假日安排与节前后调整,0.95,https://www.shfe.com.cn/publicnotice/notice/201604/t20160426_791534.html,E:\AAAAAAAAAAAAAAAAA\SW\SHFE\SHFE 公告数据库\00_公共基础库\SHFE原始公告数据库_v1.0_20001008-20260811\details\201604\t20160426_791534.html
P0,t20160520_791599,关于同意中国外运华东有限公司增加白银期货指定交割仓库核定...,2016-05-20,AG,交割参数,02,市场波动下的临时风险控制,0.78,https://www.shfe.com.cn/publicnotice/notice/201605/t20160520_791599.html,E:\AAAAAAAAAAAAAAAAA\SW\SHFE\SHFE 公告数据库\00_公共基础库\SHFE原始公告数据库_v1.0_20001008-20260811\details\201605\t20160520_791599.html
P0,t20160601_791627,关于印发《上海期货交易所风险控制管理办法》、《上海期货交...,2016-06-01,RB,手续费、持仓限额、交易限额,07,制度、规则和长期参数标准调整,0.95,https://www.shfe.com.cn/publicnotice/notice/201606/t20160601_791627.html,E:\AAAAAAAAAAAAAAAAA\SW\SHFE\SHFE 公告数据库\00_公共基础库\SHFE原始公告数据库_v1.0_20001008-20260811\details\201606\t20160601_791627.html
P0,t20160819_791807,关于调整螺纹钢期货天津地区交割升贴水的通知,2016-08-19,RB,交割参数,02,市场波动下的临时风险控制,0.78,https://www.shfe.com.cn/publicnotice/notice/201608/t20160819_791807.html,E:\AAAAAAAAAAAAAAAAA\SW\SHFE\SHFE 公告数据库\00_公共基础库\SHFE原始公告数据库_v1.0_20001008-20260811\details\201608\t20160819_791807.html
P0,t20160906_791843,关于做好2016年中秋节期间市场风险控制工作的通知,2016-09-06,"AU,PB",交易保证金、涨跌停板幅度,01,节假日安排与节前后调整,0.95,https://www.shfe.com.cn/publicnotice/notice/201609/t20160906_791843.html,E:\AAAAAAAAAAAAAAAAA\SW\SHFE\SHFE 公告数据库\00_公共基础库\SHFE原始公告数据库_v1.0_20001008-20260811\details\201609\t20160906_791843.html
P0,t20160922_791868,关于做好2016年国庆节期间市场风险控制工作的通知,2016-09-22,"AG,AU,BU,FU,HC,PB,RB,RU",交割参数、交易保证金、持仓限额、涨跌停板幅度,01,节假日安排与节前后调整,0.95,https://www.shfe.com.cn/publicnotice/notice/201609/t20160922_791868.html,E:\AAAAAAAAAAAAAAAAA\SW\SHFE\SHFE 公告数据库\00_公共基础库\SHFE原始公告数据库_v1.0_20001008-20260811\details\201609\t20160922_791868.html
P0,t20161109_791954,关于螺纹钢、天然橡胶品种实施交易限额制度的通知,2016-11-09,"RB,RU",日内开仓限额、夜盘安排、交易限额,06,交易限额、持仓限额与异常交易管理,0.95,https://www.shfe.com.cn/publicnotice/notice/201611/t20161109_791954.html,E:\AAAAAAAAAAAAAAAAA\SW\SHFE\SHFE 公告数据库\00_公共基础库\SHFE原始公告数据库_v1.0_20001008-20260811\details\201611\t20161109_791954.html
P0,t20161122_791985,关于调整铜、铝、锌、铅、镍、锡、螺纹钢、热轧卷板、天然橡...,2016-11-22,"BU,HC,RB,RU",交易保证金,08,其他特殊风险处置与应急安排,0.45,https://www.shfe.com.cn/publicnotice/notice/201611/t20161122_791985.html,E:\AAAAAAAAAAAAAAAAA\SW\SHFE\SHFE 公告数据库\00_公共基础库\SHFE原始公告数据库_v1.0_20001008-20260811\details\201611\t20161122_791985.html
P0,t20161128_791995,关于螺纹钢品种实施交易限额制度的通知,2016-11-28,RB,日内开仓限额、夜盘安排、交易限额,06,交易限额、持仓限额与异常交易管理,0.95,https://www.shfe.com.cn/publicnotice/notice/201611/t20161128_791995.html,E:\AAAAAAAAAAAAAAAAA\SW\SHFE\SHFE 公告数据库\00_公共基础库\SHFE原始公告数据库_v1.0_20001008-20260811\details\201611\t20161128_791995.html
P0,t20161213_792038,关于对宾××等五名客户采取限制开仓监管措施的公告,2016-12-13,RB,交易限额,06,交易限额、持仓限额与异常交易管理,0.95,https://www.shfe.com.cn/publicnotice/notice/201612/t20161213_792038.html,E:\AAAAAAAAAAAAAAAAA\SW\SHFE\SHFE 公告数据库\00_公共基础库\SHFE原始公告数据库_v1.0_20001008-20260811\details\201612\t20161213_792038.html
P0,t20170112_792115,关于对刘××实控关系账户组采取限制开仓监管措施的公告,2017-01-12,RB,交易限额,06,交易限额、持仓限额与异常交易管理,0.95,https://www.shfe.com.cn/publicnotice/notice/201701/t20170112_792115.html,E:\AAAAAAAAAAAAAAAAA\SW\SHFE\SHFE 公告数据库\00_公共基础库\SHFE原始公告数据库_v1.0_20001008-20260811\details\201701\t20170112_792115.html
P0,t20170118_792126,关于做好2017年春节期间市场风险控制工作的通知,2017-01-18,"AG,AU,BU,FU,HC,RB,RU",交割参数、交易保证金、持仓限额、涨跌停板幅度,01,节假日安排与节前后调整,0.95,https://www.shfe.com.cn/publicnotice/notice/201701/t20170118_792126.html,E:\AAAAAAAAAAAAAAAAA\SW\SHFE\SHFE 公告数据库\00_公共基础库\SHFE原始公告数据库_v1.0_20001008-20260811\details\201701\t20170118_792126.html
P0,t20170308_792208,关于对××集团股份有限公司实控关系账户组采取限制开仓监管...,2017-03-08,RB,交易限额,06,交易限额、持仓限额与异常交易管理,0.95,https://www.shfe.com.cn/publicnotice/notice/201703/t20170308_792208.html,E:\AAAAAAAAAAAAAAAAA\SW\SHFE\SHFE 公告数据库\00_公共基础库\SHFE原始公告数据库_v1.0_20001008-20260811\details\201703\t20170308_792208.html
P0,t20170324_792247,关于做好2017年清明节期间市场风险控制工作的通知,2017-03-24,"AG,RU,SN",交易保证金、涨跌停板幅度,01,节假日安排与节前后调整,0.95,https://www.shfe.com.cn/publicnotice/notice/201703/t20170324_792247.html,E:\AAAAAAAAAAAAAAAAA\SW\SHFE\SHFE 公告数据库\00_公共基础库\SHFE原始公告数据库_v1.0_20001008-20260811\details\201703\t20170324_792247.html
P0,t20170327_792250,关于对××有限公司实控关系账户组采取限制开仓监管措施的公告,2017-03-27,RB,交易限额,06,交易限额、持仓限额与异常交易管理,0.95,https://www.shfe.com.cn/publicnotice/notice/201703/t20170327_792250.html,E:\AAAAAAAAAAAAAAAAA\SW\SHFE\SHFE 公告数据库\00_公共基础库\SHFE原始公告数据库_v1.0_20001008-20260811\details\201703\t20170327_792250.html
P0,t20170518_792344,关于做好2017年端午节期间市场风险控制工作的通知,2017-05-18,"BU,HC,RB,RU",交易保证金、涨跌停板幅度,01,节假日安排与节前后调整,0.95,https://www.shfe.com.cn/publicnotice/notice/201705/t20170518_792344.html,E:\AAAAAAAAAAAAAAAAA\SW\SHFE\SHFE 公告数据库\00_公共基础库\SHFE原始公告数据库_v1.0_20001008-20260811\details\201705\t20170518_792344.html
P0,t20170811_792528,关于对螺纹钢品种实施交易限额的通知,2017-08-11,RB,日内开仓限额、交易限额,06,交易限额、持仓限额与异常交易管理,0.95,https://www.shfe.com.cn/publicnotice/notice/201708/t20170811_792528.html,E:\AAAAAAAAAAAAAAAAA\SW\SHFE\SHFE 公告数据库\00_公共基础库\SHFE原始公告数据库_v1.0_20001008-20260811\details\201708\t20170811_792528.html
P0,t20170815_792535,关于调整燃料油品种交易保证金水平和交易手续费标准的通知,2017-08-15,FU,手续费、交易保证金,07,制度、规则和长期参数标准调整,0.78,https://www.shfe.com.cn/publicnotice/notice/201708/t20170815_792535.html,E:\AAAAAAAAAAAAAAAAA\SW\SHFE\SHFE 公告数据库\00_公共基础库\SHFE原始公告数据库_v1.0_20001008-20260811\details\201708\t20170815_792535.html
P0,t20170817_792543,关于对杨×实控关系账户组采取限制开仓监管措施的公告,2017-08-17,RB,交易限额,06,交易限额、持仓限额与异常交易管理,0.95,https://www.shfe.com.cn/publicnotice/notice/201708/t20170817_792543.html,E:\AAAAAAAAAAAAAAAAA\SW\SHFE\SHFE 公告数据库\00_公共基础库\SHFE原始公告数据库_v1.0_20001008-20260811\details\201708\t20170817_792543.html
P0,t20170821_792548,关于对××公司实控关系账户组采取限制开仓监管措施的公告,2017-08-21,RB,交易限额,06,交易限额、持仓限额与异常交易管理,0.95,https://www.shfe.com.cn/publicnotice/notice/201708/t20170821_792548.html,E:\AAAAAAAAAAAAAAAAA\SW\SHFE\SHFE 公告数据库\00_公共基础库\SHFE原始公告数据库_v1.0_20001008-20260811\details\201708\t20170821_792548.html
P0,t20170921_792626,关于做好2017年国庆节和中秋节期间市场风险控制工作的通知,2017-09-21,"AG,AU,BU,FU,HC,RB,RU",交割参数、交易保证金、持仓限额、涨跌停板幅度,01,节假日安排与节前后调整,0.95,https://www.shfe.com.cn/publicnotice/notice/201709/t20170921_792626.html,E:\AAAAAAAAAAAAAAAAA\SW\SHFE\SHFE 公告数据库\00_公共基础库\SHFE原始公告数据库_v1.0_20001008-20260811\details\201709\t20170921_792626.html
P0,t20170929_792658,关于对杨×实控关系账户组采取限制开仓监管措施的公告,2017-09-29,RB,交易限额,06,交易限额、持仓限额与异常交易管理,0.95,https://www.shfe.com.cn/publicnotice/notice/201709/t20170929_792658.html,E:\AAAAAAAAAAAAAAAAA\SW\SHFE\SHFE 公告数据库\00_公共基础库\SHFE原始公告数据库_v1.0_20001008-20260811\details\201709\t20170929_792658.html
P0,t20171225_792847,关于做好2018年元旦期间市场风险控制工作的通知,2017-12-25,"AG,AU,SN",交易保证金、涨跌停板幅度,01,节假日安排与节前后调整,0.95,https://www.shfe.com.cn/publicnotice/notice/201712/t20171225_792847.html,E:\AAAAAAAAAAAAAAAAA\SW\SHFE\SHFE 公告数据库\00_公共基础库\SHFE原始公告数据库_v1.0_20001008-20260811\details\201712\t20171225_792847.html
P0,t20180206_792914,关于做好2018年春节期间市场风险控制工作的通知,2018-02-06,"AG,AU,BU,FU,HC,NI,RB,RU,SN,WR",交割参数、交易保证金、持仓限额、涨跌停板幅度,01,节假日安排与节前后调整,0.95,https://www.shfe.com.cn/publicnotice/notice/201802/t20180206_792914.html,E:\AAAAAAAAAAAAAAAAA\SW\SHFE\SHFE 公告数据库\00_公共基础库\SHFE原始公告数据库_v1.0_20001008-20260811\details\201802\t20180206_792914.html
P0,t20180410_793096,关于同意中储发展股份有限公司调整螺纹钢和线材指定交割仓库...,2018-04-10,"RB,WR",交割参数,02,市场波动下的临时风险控制,0.78,https://www.shfe.com.cn/publicnotice/notice/201804/t20180410_793096.html,E:\AAAAAAAAAAAAAAAAA\SW\SHFE\SHFE 公告数据库\00_公共基础库\SHFE原始公告数据库_v1.0_20001008-20260811\details\201804\t20180410_793096.html
P0,t20180420_793125,关于开展铜期货期权仿真交易的通知,2018-04-20,CU,交割参数、手续费、合约挂牌参数、夜盘安排、期权参数、持仓限额、交易时间,04,合约上市、挂牌与参数初始化,0.78,https://www.shfe.com.cn/publicnotice/notice/201804/t20180420_793125.html,E:\AAAAAAAAAAAAAAAAA\SW\SHFE\SHFE 公告数据库\00_公共基础库\SHFE原始公告数据库_v1.0_20001008-20260811\details\201804\t20180420_793125.html
P0,t20180420_793126,关于开展铜期货期权做市仿真比赛的通知,2018-04-20,CU,交割参数、手续费、持仓限额,05,到期、交割月及临近交割调整,0.78,https://www.shfe.com.cn/publicnotice/notice/201804/t20180420_793126.html,E:\AAAAAAAAAAAAAAAAA\SW\SHFE\SHFE 公告数据库\00_公共基础库\SHFE原始公告数据库_v1.0_20001008-20260811\details\201804\t20180420_793126.html
P0,t20180521_793192,关于上期标准仓单交易上线有关事项的通知,2018-05-21,"AL,CU",交割参数、手续费、合约挂牌参数、涨跌停板幅度、交易时间,04,合约上市、挂牌与参数初始化,0.78,https://www.shfe.com.cn/publicnotice/notice/201805/t20180521_793192.html,E:\AAAAAAAAAAAAAAAAA\SW\SHFE\SHFE 公告数据库\00_公共基础库\SHFE原始公告数据库_v1.0_20001008-20260811\details\201805\t20180521_793192.html
P0,t20180626_793285,关于180燃料油期货合约终止交易以及保税380燃料油期货合约挂...,2018-06-26,FU,手续费、合约挂牌参数、交易保证金、夜盘安排、涨跌停板幅度、交易时间,01,节假日安排与节前后调整,0.78,https://www.shfe.com.cn/publicnotice/notice/201806/t20180626_793285.html,E:\AAAAAAAAAAAAAAAAA\SW\SHFE\SHFE 公告数据库\00_公共基础库\SHFE原始公告数据库_v1.0_20001008-20260811\details\201806\t20180626_793285.html
P0,t20180629_793300,关于开展保税380燃料油期货仿真交易的通知,2018-06-29,FU,合约挂牌参数、夜盘安排、持仓限额、交易时间,04,合约上市、挂牌与参数初始化,0.78,https://www.shfe.com.cn/publicnotice/notice/201806/t20180629_793300.html,E:\AAAAAAAAAAAAAAAAA\SW\SHFE\SHFE 公告数据库\00_公共基础库\SHFE原始公告数据库_v1.0_20001008-20260811\details\201806\t20180629_793300.html
P0,t20180710_793335,关于交易系统测试的通知,2018-07-10,FU,交割参数、交易保证金、夜盘安排、交易时间,04,合约上市、挂牌与参数初始化,0.78,https://www.shfe.com.cn/publicnotice/notice/201807/t20180710_793335.html,E:\AAAAAAAAAAAAAAAAA\SW\SHFE\SHFE 公告数据库\00_公共基础库\SHFE原始公告数据库_v1.0_20001008-20260811\details\201807\t20180710_793335.html
P0,t20180906_793549,关于铜期权上市交易有关事项的通知,2018-09-06,CU,交割参数、手续费、夜盘安排、期权参数、持仓限额、交易时间,04,合约上市、挂牌与参数初始化,0.95,https://www.shfe.com.cn/publicnotice/notice/201809/t20180906_793549.html,E:\AAAAAAAAAAAAAAAAA\SW\SHFE\SHFE 公告数据库\00_公共基础库\SHFE原始公告数据库_v1.0_20001008-20260811\details\201809\t20180906_793549.html
P0,t20180925_793626,关于2018年国庆节期间有关工作安排的通知,2018-09-25,"AG,AU,BU,FU,HC,RB,RU,SN",交割参数、交易保证金、夜盘安排、持仓限额、涨跌停板幅度,01,节假日安排与节前后调整,0.95,https://www.shfe.com.cn/publicnotice/notice/201809/t20180925_793626.html,E:\AAAAAAAAAAAAAAAAA\SW\SHFE\SHFE 公告数据库\00_公共基础库\SHFE原始公告数据库_v1.0_20001008-20260811\details\201809\t20180925_793626.html
P0,t20181225_794057,关于2019年元旦期间有关工作安排的通知,2018-12-25,"BU,FU",交割参数、交易保证金、夜盘安排、期权参数、持仓限额、涨跌停板幅度,01,节假日安排与节前后调整,0.95,https://www.shfe.com.cn/publicnotice/notice/201812/t20181225_794057.html,E:\AAAAAAAAAAAAAAAAA\SW\SHFE\SHFE 公告数据库\00_公共基础库\SHFE原始公告数据库_v1.0_20001008-20260811\details\201812\t20181225_794057.html
P0,t20190129_794208,关于2019年春节期间有关工作安排的通知,2019-01-29,"AG,AU,BU,FU,HC,RB,RU,SP",交割参数、交易保证金、夜盘安排、期权参数、持仓限额、涨跌停板幅度,01,节假日安排与节前后调整,0.95,https://www.shfe.com.cn/publicnotice/notice/201901/t20190129_794208.html,E:\AAAAAAAAAAAAAAAAA\SW\SHFE\SHFE 公告数据库\00_公共基础库\SHFE原始公告数据库_v1.0_20001008-20260811\details\201901\t20190129_794208.html
P0,t20190401_794400,关于2019年清明节期间有关工作安排的通知,2019-04-01,RB,交割参数、交易保证金、夜盘安排、期权参数、持仓限额、涨跌停板幅度,01,节假日安排与节前后调整,0.95,https://www.shfe.com.cn/publicnotice/notice/201904/t20190401_794400.html,E:\AAAAAAAAAAAAAAAAA\SW\SHFE\SHFE 公告数据库\00_公共基础库\SHFE原始公告数据库_v1.0_20001008-20260811\details\201904\t20190401_794400.html
P0,t20190425_794469,关于2019年劳动节期间有关工作安排的通知,2019-04-25,"AG,AU,FU,HC,RB,RU,SP",交割参数、交易保证金、夜盘安排、期权参数、持仓限额、涨跌停板幅度,01,节假日安排与节前后调整,0.95,https://www.shfe.com.cn/publicnotice/notice/201904/t20190425_794469.html,E:\AAAAAAAAAAAAAAAAA\SW\SHFE\SHFE 公告数据库\00_公共基础库\SHFE原始公告数据库_v1.0_20001008-20260811\details\201904\t20190425_794469.html
P0,t20190904_794990,关于开展黄金期权仿真交易的通知,2019-09-04,AU,交割参数、合约挂牌参数、夜盘安排、期权参数、持仓限额、交易时间,04,合约上市、挂牌与参数初始化,0.78,https://www.shfe.com.cn/publicnotice/notice/201909/t20190904_794990.html,E:\AAAAAAAAAAAAAAAAA\SW\SHFE\SHFE 公告数据库\00_公共基础库\SHFE原始公告数据库_v1.0_20001008-20260811\details\201909\t20190904_794990.html
P0,t20190909_795009,关于2019年中秋节期间有关工作安排的通知,2019-09-09,"AG,AU,NI,SN",交割参数、交易保证金、夜盘安排、期权参数、持仓限额、涨跌停板幅度,01,节假日安排与节前后调整,0.95,https://www.shfe.com.cn/publicnotice/notice/201909/t20190909_795009.html,E:\AAAAAAAAAAAAAAAAA\SW\SHFE\SHFE 公告数据库\00_公共基础库\SHFE原始公告数据库_v1.0_20001008-20260811\details\201909\t20190909_795009.html
P0,t20190923_795077,关于2019年国庆节期间有关工作安排的通知,2019-09-23,"AG,AU,BU,FU,HC,RB,RU,SP,SS",交割参数、交易保证金、夜盘安排、期权参数、持仓限额、涨跌停板幅度,01,节假日安排与节前后调整,0.95,https://www.shfe.com.cn/publicnotice/notice/201909/t20190923_795077.html,E:\AAAAAAAAAAAAAAAAA\SW\SHFE\SHFE 公告数据库\00_公共基础库\SHFE原始公告数据库_v1.0_20001008-20260811\details\201909\t20190923_795077.html
P0,t20191008_795105,关于调整黄金、白银、镍、燃料油等品种相关合约交易手续费的通知,2019-10-08,"AG,AU,FU,NI",交割参数、手续费、夜盘安排,05,到期、交割月及临近交割调整,0.78,https://www.shfe.com.cn/publicnotice/notice/201910/t20191008_795105.html,E:\AAAAAAAAAAAAAAAAA\SW\SHFE\SHFE 公告数据库\00_公共基础库\SHFE原始公告数据库_v1.0_20001008-20260811\details\201910\t20191008_795105.html
P0,t20191015_795135,关于上期标准仓单交易平台白银品种和买方挂牌交易上线有关事...,2019-10-15,"AG,RU",交割参数、手续费、合约挂牌参数、涨跌停板幅度、交易时间,04,合约上市、挂牌与参数初始化,0.95,https://www.shfe.com.cn/publicnotice/notice/201910/t20191015_795135.html,E:\AAAAAAAAAAAAAAAAA\SW\SHFE\SHFE 公告数据库\00_公共基础库\SHFE原始公告数据库_v1.0_20001008-20260811\details\201910\t20191015_795135.html
P0,t20191118_795277,关于做好市场风险控制工作的通知,2019-11-18,FU,交易保证金、持仓限额,02,市场波动下的临时风险控制,0.95,https://www.shfe.com.cn/publicnotice/notice/201911/t20191118_795277.html,E:\AAAAAAAAAAAAAAAAA\SW\SHFE\SHFE 公告数据库\00_公共基础库\SHFE原始公告数据库_v1.0_20001008-20260811\details\201911\t20191118_795277.html
P0,t20191120_795288,关于调整燃料油相关合约交易手续费的通知,2019-11-20,FU,手续费、夜盘安排,08,其他特殊风险处置与应急安排,0.45,https://www.shfe.com.cn/publicnotice/notice/201911/t20191120_795288.html,E:\AAAAAAAAAAAAAAAAA\SW\SHFE\SHFE 公告数据库\00_公共基础库\SHFE原始公告数据库_v1.0_20001008-20260811\details\201911\t20191120_795288.html
P0,t20191128_795325,关于开展黄金期权全市场生产系统演练的通知,2019-11-28,AU,手续费、合约挂牌参数、期权参数、持仓限额,04,合约上市、挂牌与参数初始化,0.78,https://www.shfe.com.cn/publicnotice/notice/201911/t20191128_795325.html,E:\AAAAAAAAAAAAAAAAA\SW\SHFE\SHFE 公告数据库\00_公共基础库\SHFE原始公告数据库_v1.0_20001008-20260811\details\201911\t20191128_795325.html
P0,t20191202_795340,关于发布《上海期货交易所黄金期货合约（修订案）》的公告,2019-12-02,AU,夜盘安排,07,制度、规则和长期参数标准调整,0.95,https://www.shfe.com.cn/publicnotice/notice/201912/t20191202_795340.html,E:\AAAAAAAAAAAAAAAAA\SW\SHFE\SHFE 公告数据库\00_公共基础库\SHFE原始公告数据库_v1.0_20001008-20260811\details\201912\t20191202_795340.html
P0,t20191213_795406,关于黄金期权上市交易有关事项的通知,2019-12-13,AU,手续费、合约挂牌参数、夜盘安排、期权参数、持仓限额、交易时间,04,合约上市、挂牌与参数初始化,0.95,https://www.shfe.com.cn/publicnotice/notice/201912/t20191213_795406.html,E:\AAAAAAAAAAAAAAAAA\SW\SHFE\SHFE 公告数据库\00_公共基础库\SHFE原始公告数据库_v1.0_20001008-20260811\details\201912\t20191213_795406.html
P0,t20200106_795501,关于调整铜期权持仓限额的通知,2020-01-06,CU,持仓限额,06,交易限额、持仓限额与异常交易管理,0.95,https://www.shfe.com.cn/publicnotice/notice/202001/t20200106_795501.html,E:\AAAAAAAAAAAAAAAAA\SW\SHFE\SHFE 公告数据库\00_公共基础库\SHFE原始公告数据库_v1.0_20001008-20260811\details\202001\t20200106_795501.html
P0,t20200116_795557,关于2020年春节期间有关工作安排的通知,2020-01-16,"AG,AU,FU,HC,RB,RU,SP,SS",交割参数、交易保证金、夜盘安排、期权参数、持仓限额、涨跌停板幅度,01,节假日安排与节前后调整,0.95,https://www.shfe.com.cn/publicnotice/notice/202001/t20200116_795557.html,E:\AAAAAAAAAAAAAAAAA\SW\SHFE\SHFE 公告数据库\00_公共基础库\SHFE原始公告数据库_v1.0_20001008-20260811\details\202001\t20200116_795557.html
P0,t20200313_795701,关于调整铜、铝等期货交易保证金比例和涨跌停板幅度的通知,2020-03-13,"AG,AU,BU,FU,HC,RB,RU,SS",交易保证金、涨跌停板幅度,07,制度、规则和长期参数标准调整,0.78,https://www.shfe.com.cn/publicnotice/notice/202003/t20200313_795701.html,E:\AAAAAAAAAAAAAAAAA\SW\SHFE\SHFE 公告数据库\00_公共基础库\SHFE原始公告数据库_v1.0_20001008-20260811\details\202003\t20200313_795701.html
P0,t20200331_795760,关于2020年清明节期间有关工作安排的通知,2020-03-31,"AG,AU,BU,FU,HC,RB,RU,SN,SP,SS",交割参数、交易保证金、期权参数、持仓限额、涨跌停板幅度,01,节假日安排与节前后调整,0.95,https://www.shfe.com.cn/publicnotice/notice/202003/t20200331_795760.html,E:\AAAAAAAAAAAAAAAAA\SW\SHFE\SHFE 公告数据库\00_公共基础库\SHFE原始公告数据库_v1.0_20001008-20260811\details\202003\t20200331_795760.html
P0,t20200424_795878,关于2020年劳动节期间有关工作安排的通知,2020-04-24,"AG,AU,BU,FU,HC,RB,RU,SP,SS",交割参数、交易保证金、期权参数、持仓限额、涨跌停板幅度,01,节假日安排与节前后调整,0.95,https://www.shfe.com.cn/publicnotice/notice/202004/t20200424_795878.html,E:\AAAAAAAAAAAAAAAAA\SW\SHFE\SHFE 公告数据库\00_公共基础库\SHFE原始公告数据库_v1.0_20001008-20260811\details\202004\t20200424_795878.html
P0,t20200604_796003,关于调整燃料油相关合约交易手续费的通知,2020-06-04,FU,手续费、夜盘安排,08,其他特殊风险处置与应急安排,0.45,https://www.shfe.com.cn/publicnotice/notice/202006/t20200604_796003.html,E:\AAAAAAAAAAAAAAAAA\SW\SHFE\SHFE 公告数据库\00_公共基础库\SHFE原始公告数据库_v1.0_20001008-20260811\details\202006\t20200604_796003.html
P0,t20200714_796163,关于调整燃料油等期货交易保证金比例和涨跌停板幅度的通知,2020-07-14,"BU,FU,RU,SP",交易保证金、涨跌停板幅度,07,制度、规则和长期参数标准调整,0.78,https://www.shfe.com.cn/publicnotice/notice/202007/t20200714_796163.html,E:\AAAAAAAAAAAAAAAAA\SW\SHFE\SHFE 公告数据库\00_公共基础库\SHFE原始公告数据库_v1.0_20001008-20260811\details\202007\t20200714_796163.html
P0,t20200724_796202,关于调整螺纹钢等期货交易保证金比例和涨跌停板幅度的通知,2020-07-24,"HC,RB,SS",交易保证金、涨跌停板幅度,07,制度、规则和长期参数标准调整,0.78,https://www.shfe.com.cn/publicnotice/notice/202007/t20200724_796202.html,E:\AAAAAAAAAAAAAAAAA\SW\SHFE\SHFE 公告数据库\00_公共基础库\SHFE原始公告数据库_v1.0_20001008-20260811\details\202007\t20200724_796202.html
P0,t20200818_796313,关于调整白银期货交易保证金比例和涨跌停板幅度的通知,2020-08-18,AG,交易保证金、涨跌停板幅度,07,制度、规则和长期参数标准调整,0.78,https://www.shfe.com.cn/publicnotice/notice/202008/t20200818_796313.html,E:\AAAAAAAAAAAAAAAAA\SW\SHFE\SHFE 公告数据库\00_公共基础库\SHFE原始公告数据库_v1.0_20001008-20260811\details\202008\t20200818_796313.html
P0,t20200821_796327,关于调整燃料油期货交易保证金比例和涨跌停板幅度的通知,2020-08-21,FU,交易保证金、涨跌停板幅度,07,制度、规则和长期参数标准调整,0.78,https://www.shfe.com.cn/publicnotice/notice/202008/t20200821_796327.html,E:\AAAAAAAAAAAAAAAAA\SW\SHFE\SHFE 公告数据库\00_公共基础库\SHFE原始公告数据库_v1.0_20001008-20260811\details\202008\t20200821_796327.html
P0,t20200825_796340,关于调整白银期货相关合约交易手续费的通知,2020-08-25,AG,手续费、夜盘安排,08,其他特殊风险处置与应急安排,0.45,https://www.shfe.com.cn/publicnotice/notice/202008/t20200825_796340.html,E:\AAAAAAAAAAAAAAAAA\SW\SHFE\SHFE 公告数据库\00_公共基础库\SHFE原始公告数据库_v1.0_20001008-20260811\details\202008\t20200825_796340.html
P0,t20200915_796420,关于上期标准仓单交易平台黑色金属品种上线有关事项的通知,2020-09-15,"HC,RB,SS,WR",交割参数、手续费、合约挂牌参数、涨跌停板幅度、交易时间,04,合约上市、挂牌与参数初始化,0.78,https://www.shfe.com.cn/publicnotice/notice/202009/t20200915_796420.html,E:\AAAAAAAAAAAAAAAAA\SW\SHFE\SHFE 公告数据库\00_公共基础库\SHFE原始公告数据库_v1.0_20001008-20260811\details\202009\t20200915_796420.html
P0,t20200923_796469,关于2020年国庆节、中秋节期间有关工作安排的通知,2020-09-23,"AG,AU,BU,FU,HC,RB,RU,SN,SP,SS",交割参数、交易保证金、夜盘安排、期权参数、持仓限额、涨跌停板幅度,01,节假日安排与节前后调整,0.95,https://www.shfe.com.cn/publicnotice/notice/202009/t20200923_796469.html,E:\AAAAAAAAAAAAAAAAA\SW\SHFE\SHFE 公告数据库\00_公共基础库\SHFE原始公告数据库_v1.0_20001008-20260811\details\202009\t20200923_796469.html
P0,t20201117_796726,关于调整镍等期货交易保证金比例和涨跌停板幅度的通知,2020-11-17,"HC,NI,RB,SS",交易保证金、涨跌停板幅度,07,制度、规则和长期参数标准调整,0.78,https://www.shfe.com.cn/publicnotice/notice/202011/t20201117_796726.html,E:\AAAAAAAAAAAAAAAAA\SW\SHFE\SHFE 公告数据库\00_公共基础库\SHFE原始公告数据库_v1.0_20001008-20260811\details\202011\t20201117_796726.html
P0,t20201201_796781,关于调整螺纹钢、热轧卷板期货相关合约交易手续费的通知,2020-12-01,"HC,RB",手续费、夜盘安排,08,其他特殊风险处置与应急安排,0.45,https://www.shfe.com.cn/publicnotice/notice/202012/t20201201_796781.html,E:\AAAAAAAAAAAAAAAAA\SW\SHFE\SHFE 公告数据库\00_公共基础库\SHFE原始公告数据库_v1.0_20001008-20260811\details\202012\t20201201_796781.html
P0,t20201228_796897,关于2021年元旦期间有关工作安排的通知,2020-12-28,"HC,RB,SS",交割参数、交易保证金、夜盘安排、期权参数、持仓限额、涨跌停板幅度,01,节假日安排与节前后调整,0.95,https://www.shfe.com.cn/publicnotice/notice/202012/t20201228_796897.html,E:\AAAAAAAAAAAAAAAAA\SW\SHFE\SHFE 公告数据库\00_公共基础库\SHFE原始公告数据库_v1.0_20001008-20260811\details\202012\t20201228_796897.html
P0,t20210204_797059,关于2021年春节期间有关工作安排的通知,2021-02-04,"AG,AU,BU,FU,HC,RB,RU,SP,SS",交割参数、交易保证金、夜盘安排、期权参数、持仓限额、涨跌停板幅度,01,节假日安排与节前后调整,0.95,https://www.shfe.com.cn/publicnotice/notice/202102/t20210204_797059.html,E:\AAAAAAAAAAAAAAAAA\SW\SHFE\SHFE 公告数据库\00_公共基础库\SHFE原始公告数据库_v1.0_20001008-20260811\details\202102\t20210204_797059.html
P0,t20210226_797112,关于调整铜、锡期货相关合约交易手续费的通知,2021-02-26,"CU,SN",手续费、夜盘安排,08,其他特殊风险处置与应急安排,0.45,https://www.shfe.com.cn/publicnotice/notice/202102/t20210226_797112.html,E:\AAAAAAAAAAAAAAAAA\SW\SHFE\SHFE 公告数据库\00_公共基础库\SHFE原始公告数据库_v1.0_20001008-20260811\details\202102\t20210226_797112.html
P0,t20210427_797288,关于2021年劳动节期间有关工作安排的通知,2021-04-27,"AG,AU,FU,HC,RB,RU,SN,SP,SS",交割参数、交易保证金、夜盘安排、期权参数、持仓限额、涨跌停板幅度,01,节假日安排与节前后调整,0.95,https://www.shfe.com.cn/publicnotice/notice/202104/t20210427_797288.html,E:\AAAAAAAAAAAAAAAAA\SW\SHFE\SHFE 公告数据库\00_公共基础库\SHFE原始公告数据库_v1.0_20001008-20260811\details\202104\t20210427_797288.html
P0,t20210510_797313,关于调整螺纹钢、热轧卷板期货相关合约交易手续费的通知,2021-05-10,"HC,RB",手续费、夜盘安排,08,其他特殊风险处置与应急安排,0.45,https://www.shfe.com.cn/publicnotice/notice/202105/t20210510_797313.html,E:\AAAAAAAAAAAAAAAAA\SW\SHFE\SHFE 公告数据库\00_公共基础库\SHFE原始公告数据库_v1.0_20001008-20260811\details\202105\t20210510_797313.html
P0,t20210514_797328,关于调整螺纹钢期货等品种相关合约交易手续费的通知,2021-05-14,"AG,AL,CU,HC,NI,RB",交割参数、手续费、夜盘安排,05,到期、交割月及临近交割调整,0.78,https://www.shfe.com.cn/publicnotice/notice/202105/t20210514_797328.html,E:\AAAAAAAAAAAAAAAAA\SW\SHFE\SHFE 公告数据库\00_公共基础库\SHFE原始公告数据库_v1.0_20001008-20260811\details\202105\t20210514_797328.html
P0,t20210514_797329,关于调整螺纹钢、热轧卷板期货交易保证金比例和涨跌停板幅度...,2021-05-14,"HC,RB",交易保证金、涨跌停板幅度,07,制度、规则和长期参数标准调整,0.78,https://www.shfe.com.cn/publicnotice/notice/202105/t20210514_797329.html,E:\AAAAAAAAAAAAAAAAA\SW\SHFE\SHFE 公告数据库\00_公共基础库\SHFE原始公告数据库_v1.0_20001008-20260811\details\202105\t20210514_797329.html
P0,t20210531_797385,关于调整螺纹钢期货等品种相关合约交易手续费的通知,2021-05-31,"FU,HC,NI,RB,SN",手续费、夜盘安排,08,其他特殊风险处置与应急安排,0.45,https://www.shfe.com.cn/publicnotice/notice/202105/t20210531_797385.html,E:\AAAAAAAAAAAAAAAAA\SW\SHFE\SHFE 公告数据库\00_公共基础库\SHFE原始公告数据库_v1.0_20001008-20260811\details\202105\t20210531_797385.html
P0,t20210607_797434,关于2021年端午节期间有关工作安排的通知,2021-06-07,"AG,AU,FU,HC,RB,RU,SN,SP,SS,WR",交割参数、交易保证金、夜盘安排、期权参数、持仓限额、涨跌停板幅度,01,节假日安排与节前后调整,0.95,https://www.shfe.com.cn/publicnotice/notice/202106/t20210607_797434.html,E:\AAAAAAAAAAAAAAAAA\SW\SHFE\SHFE 公告数据库\00_公共基础库\SHFE原始公告数据库_v1.0_20001008-20260811\details\202106\t20210607_797434.html
P0,t20210914_797870,关于2021年中秋节期间有关工作安排的通知,2021-09-14,"HC,RB,SP,SS",交割参数、交易保证金、夜盘安排、期权参数、持仓限额、涨跌停板幅度,01,节假日安排与节前后调整,0.95,https://www.shfe.com.cn/publicnotice/notice/202109/t20210914_797870.html,E:\AAAAAAAAAAAAAAAAA\SW\SHFE\SHFE 公告数据库\00_公共基础库\SHFE原始公告数据库_v1.0_20001008-20260811\details\202109\t20210914_797870.html
P0,t20210927_797923,关于2021年国庆节期间有关工作安排的通知,2021-09-27,"AG,AU,FU,HC,RB,RU,SP,SS",交割参数、交易保证金、夜盘安排、期权参数、持仓限额、涨跌停板幅度,01,节假日安排与节前后调整,0.95,https://www.shfe.com.cn/publicnotice/notice/202109/t20210927_797923.html,E:\AAAAAAAAAAAAAAAAA\SW\SHFE\SHFE 公告数据库\00_公共基础库\SHFE原始公告数据库_v1.0_20001008-20260811\details\202109\t20210927_797923.html
P0,t20211029_798024,关于调整燃料油期货等品种相关合约交易手续费的通知,2021-10-29,"AL,FU,NI,RU,ZN",手续费、夜盘安排,08,其他特殊风险处置与应急安排,0.45,https://www.shfe.com.cn/publicnotice/notice/202110/t20211029_798024.html,E:\AAAAAAAAAAAAAAAAA\SW\SHFE\SHFE 公告数据库\00_公共基础库\SHFE原始公告数据库_v1.0_20001008-20260811\details\202110\t20211029_798024.html
P0,t20211104_798045,关于调整燃料油期货等品种相关合约交易手续费的通知,2021-11-04,"FU,NI,SN",手续费、夜盘安排,08,其他特殊风险处置与应急安排,0.45,https://www.shfe.com.cn/publicnotice/notice/202111/t20211104_798045.html,E:\AAAAAAAAAAAAAAAAA\SW\SHFE\SHFE 公告数据库\00_公共基础库\SHFE原始公告数据库_v1.0_20001008-20260811\details\202111\t20211104_798045.html
P0,t20211124_798166,关于调整螺纹钢期货等品种相关合约交易手续费的通知,2021-11-24,"HC,RB,SS",手续费、夜盘安排,08,其他特殊风险处置与应急安排,0.45,https://www.shfe.com.cn/publicnotice/notice/202111/t20211124_798166.html,E:\AAAAAAAAAAAAAAAAA\SW\SHFE\SHFE 公告数据库\00_公共基础库\SHFE原始公告数据库_v1.0_20001008-20260811\details\202111\t20211124_798166.html
P0,t20211201_798215,关于调整燃料油期货等品种相关合约交易手续费的通知,2021-12-01,"FU,SP,ZN",手续费、夜盘安排,08,其他特殊风险处置与应急安排,0.45,https://www.shfe.com.cn/publicnotice/notice/202112/t20211201_798215.html,E:\AAAAAAAAAAAAAAAAA\SW\SHFE\SHFE 公告数据库\00_公共基础库\SHFE原始公告数据库_v1.0_20001008-20260811\details\202112\t20211201_798215.html
P0,t20211228_798350,关于2022年元旦期间有关工作安排的通知,2021-12-28,"BU,FU",交易保证金、夜盘安排、期权参数、涨跌停板幅度,01,节假日安排与节前后调整,0.95,https://www.shfe.com.cn/publicnotice/notice/202112/t20211228_798350.html,E:\AAAAAAAAAAAAAAAAA\SW\SHFE\SHFE 公告数据库\00_公共基础库\SHFE原始公告数据库_v1.0_20001008-20260811\details\202112\t20211228_798350.html
P0,t20220125_798465,关于2022年春节期间有关工作安排的通知,2022-01-25,"AG,AU,FU,HC,RB,RU,SP",交易保证金、夜盘安排、期权参数、涨跌停板幅度,01,节假日安排与节前后调整,0.95,https://www.shfe.com.cn/publicnotice/notice/202201/t20220125_798465.html,E:\AAAAAAAAAAAAAAAAA\SW\SHFE\SHFE 公告数据库\00_公共基础库\SHFE原始公告数据库_v1.0_20001008-20260811\details\202201\t20220125_798465.html
P0,t20220304_798585,关于调整铝、燃料油和纸浆期货交易保证金比例和涨跌停板幅度...,2022-03-04,"AL,FU,SP",交易保证金、涨跌停板幅度,07,制度、规则和长期参数标准调整,0.78,https://www.shfe.com.cn/publicnotice/notice/202203/t20220304_798585.html,E:\AAAAAAAAAAAAAAAAA\SW\SHFE\SHFE 公告数据库\00_公共基础库\SHFE原始公告数据库_v1.0_20001008-20260811\details\202203\t20220304_798585.html
P0,t20220308_798592,关于调整铜等期货交易保证金比例和涨跌停板幅度的通知,2022-03-08,"AL,AU,FU,PB,SP",交易保证金、涨跌停板幅度,07,制度、规则和长期参数标准调整,0.78,https://www.shfe.com.cn/publicnotice/notice/202203/t20220308_798592.html,E:\AAAAAAAAAAAAAAAAA\SW\SHFE\SHFE 公告数据库\00_公共基础库\SHFE原始公告数据库_v1.0_20001008-20260811\details\202203\t20220308_798592.html
P0,t20220329_798651,关于2022年清明节期间有关工作安排的通知,2022-03-29,"BU,FU,HC,RB,RU",交易保证金、夜盘安排、期权参数、涨跌停板幅度,01,节假日安排与节前后调整,0.95,https://www.shfe.com.cn/publicnotice/notice/202203/t20220329_798651.html,E:\AAAAAAAAAAAAAAAAA\SW\SHFE\SHFE 公告数据库\00_公共基础库\SHFE原始公告数据库_v1.0_20001008-20260811\details\202203\t20220329_798651.html
P0,t20220426_798713,关于调整燃料油期货品种相关合约交易手续费的通知,2022-04-26,FU,手续费、夜盘安排,08,其他特殊风险处置与应急安排,0.45,https://www.shfe.com.cn/publicnotice/notice/202204/t20220426_798713.html,E:\AAAAAAAAAAAAAAAAA\SW\SHFE\SHFE 公告数据库\00_公共基础库\SHFE原始公告数据库_v1.0_20001008-20260811\details\202204\t20220426_798713.html
P0,t20220426_798717,关于2022年劳动节期间有关工作安排的通知,2022-04-26,"BU,FU,HC,RB",交易保证金、夜盘安排、期权参数、涨跌停板幅度,01,节假日安排与节前后调整,0.95,https://www.shfe.com.cn/publicnotice/notice/202204/t20220426_798717.html,E:\AAAAAAAAAAAAAAAAA\SW\SHFE\SHFE 公告数据库\00_公共基础库\SHFE原始公告数据库_v1.0_20001008-20260811\details\202204\t20220426_798717.html
P0,t20220729_799033,关于在期货和期权合约对客户信息量收取申报费的通知,2022-07-29,"AG,AL,AU,CU,FU,HC,RB,RU,SS,ZN",夜盘安排、期权参数,06,交易限额、持仓限额与异常交易管理,0.78,https://www.shfe.com.cn/publicnotice/notice/202207/t20220729_799033.html,E:\AAAAAAAAAAAAAAAAA\SW\SHFE\SHFE 公告数据库\00_公共基础库\SHFE原始公告数据库_v1.0_20001008-20260811\details\202207\t20220729_799033.html
P0,t20220921_799258,关于调整燃料油期货等品种相关合约交易手续费的通知,2022-09-21,"FU,SN",手续费、夜盘安排,08,其他特殊风险处置与应急安排,0.45,https://www.shfe.com.cn/publicnotice/notice/202209/t20220921_799258.html,E:\AAAAAAAAAAAAAAAAA\SW\SHFE\SHFE 公告数据库\00_公共基础库\SHFE原始公告数据库_v1.0_20001008-20260811\details\202209\t20220921_799258.html
P0,t20220922_799262,关于调整螺纹钢期货品种相关合约交易手续费的通知,2022-09-22,RB,手续费、夜盘安排,08,其他特殊风险处置与应急安排,0.45,https://www.shfe.com.cn/publicnotice/notice/202209/t20220922_799262.html,E:\AAAAAAAAAAAAAAAAA\SW\SHFE\SHFE 公告数据库\00_公共基础库\SHFE原始公告数据库_v1.0_20001008-20260811\details\202209\t20220922_799262.html
P0,t20220926_799271,关于2022年国庆节期间有关工作安排的通知,2022-09-26,"BU,FU,RU,SN",交易保证金、夜盘安排、期权参数、涨跌停板幅度,01,节假日安排与节前后调整,0.95,https://www.shfe.com.cn/publicnotice/notice/202209/t20220926_799271.html,E:\AAAAAAAAAAAAAAAAA\SW\SHFE\SHFE 公告数据库\00_公共基础库\SHFE原始公告数据库_v1.0_20001008-20260811\details\202209\t20220926_799271.html
P0,t20221103_799410,关于调整螺纹钢期货品种相关合约交易手续费的通知,2022-11-03,RB,手续费、夜盘安排,08,其他特殊风险处置与应急安排,0.45,https://www.shfe.com.cn/publicnotice/notice/202211/t20221103_799410.html,E:\AAAAAAAAAAAAAAAAA\SW\SHFE\SHFE 公告数据库\00_公共基础库\SHFE原始公告数据库_v1.0_20001008-20260811\details\202211\t20221103_799410.html
P0,t20221129_799525,关于调整螺纹钢期货品种相关合约交易手续费的通知,2022-11-29,RB,手续费、夜盘安排,08,其他特殊风险处置与应急安排,0.45,https://www.shfe.com.cn/publicnotice/notice/202211/t20221129_799525.html,E:\AAAAAAAAAAAAAAAAA\SW\SHFE\SHFE 公告数据库\00_公共基础库\SHFE原始公告数据库_v1.0_20001008-20260811\details\202211\t20221129_799525.html
P0,t20221202_799554,关于发布《上海期货交易所阴极铜期货期权合约》（修订版）的公告,2022-12-02,CU,夜盘安排、期权参数,07,制度、规则和长期参数标准调整,0.95,https://www.shfe.com.cn/publicnotice/notice/202212/t20221202_799554.html,E:\AAAAAAAAAAAAAAAAA\SW\SHFE\SHFE 公告数据库\00_公共基础库\SHFE原始公告数据库_v1.0_20001008-20260811\details\202212\t20221202_799554.html
P0,t20221220_799651,关于螺纹钢期权和白银期权上市交易有关事项的通知,2022-12-20,"AG,RB",手续费、合约挂牌参数、夜盘安排、期权参数、持仓限额、交易时间,04,合约上市、挂牌与参数初始化,0.95,https://www.shfe.com.cn/publicnotice/notice/202212/t20221220_799651.html,E:\AAAAAAAAAAAAAAAAA\SW\SHFE\SHFE 公告数据库\00_公共基础库\SHFE原始公告数据库_v1.0_20001008-20260811\details\202212\t20221220_799651.html
P0,t20230113_799761,关于调整螺纹钢期货品种相关合约交易手续费的通知,2023-01-13,RB,手续费、夜盘安排,08,其他特殊风险处置与应急安排,0.45,https://www.shfe.com.cn/publicnotice/notice/202301/t20230113_799761.html,E:\AAAAAAAAAAAAAAAAA\SW\SHFE\SHFE 公告数据库\00_公共基础库\SHFE原始公告数据库_v1.0_20001008-20260811\details\202301\t20230113_799761.html
P0,t20230116_799766,关于2023年春节期间有关工作安排的通知,2023-01-16,"BU,FU,RU",交易保证金、夜盘安排、期权参数、涨跌停板幅度,01,节假日安排与节前后调整,0.95,https://www.shfe.com.cn/publicnotice/notice/202301/t20230116_799766.html,E:\AAAAAAAAAAAAAAAAA\SW\SHFE\SHFE 公告数据库\00_公共基础库\SHFE原始公告数据库_v1.0_20001008-20260811\details\202301\t20230116_799766.html
P0,t20230308_799907,关于开展2023年“上期强源助企”项目的通知,2023-03-08,"BC,FU,LU,NR,RU,SC,SS",手续费,02,市场波动下的临时风险控制,0.78,https://www.shfe.com.cn/publicnotice/notice/202303/t20230308_799907.html,E:\AAAAAAAAAAAAAAAAA\SW\SHFE\SHFE 公告数据库\00_公共基础库\SHFE原始公告数据库_v1.0_20001008-20260811\details\202303\t20230308_799907.html
P0,t20230320_799952,关于调整燃料油期货品种相关合约交易手续费的通知,2023-03-20,FU,手续费、夜盘安排,08,其他特殊风险处置与应急安排,0.45,https://www.shfe.com.cn/publicnotice/notice/202303/t20230320_799952.html,E:\AAAAAAAAAAAAAAAAA\SW\SHFE\SHFE 公告数据库\00_公共基础库\SHFE原始公告数据库_v1.0_20001008-20260811\details\202303\t20230320_799952.html
P0,t20230330_799993,关于调整螺纹钢期货品种相关合约交易手续费的通知,2023-03-30,RB,手续费、夜盘安排,08,其他特殊风险处置与应急安排,0.45,https://www.shfe.com.cn/publicnotice/notice/202303/t20230330_799993.html,E:\AAAAAAAAAAAAAAAAA\SW\SHFE\SHFE 公告数据库\00_公共基础库\SHFE原始公告数据库_v1.0_20001008-20260811\details\202303\t20230330_799993.html
P0,t20230404_800006,关于调整铜等期货交易保证金比例和涨跌停板幅度的通知,2023-04-04,"AG,BU,PB,SP,SS",交易保证金、涨跌停板幅度,07,制度、规则和长期参数标准调整,0.78,https://www.shfe.com.cn/publicnotice/notice/202304/t20230404_800006.html,E:\AAAAAAAAAAAAAAAAA\SW\SHFE\SHFE 公告数据库\00_公共基础库\SHFE原始公告数据库_v1.0_20001008-20260811\details\202304\t20230404_800006.html
P0,t20230425_800095,关于2023年劳动节期间有关工作安排的通知,2023-04-25,"AG,AU,BU,PB,SN,SP,SS",交易保证金、夜盘安排、期权参数、涨跌停板幅度,01,节假日安排与节前后调整,0.95,https://www.shfe.com.cn/publicnotice/notice/202304/t20230425_800095.html,E:\AAAAAAAAAAAAAAAAA\SW\SHFE\SHFE 公告数据库\00_公共基础库\SHFE原始公告数据库_v1.0_20001008-20260811\details\202304\t20230425_800095.html
P0,t20230519_800211,关于调整燃料油期货品种相关合约交易手续费的通知,2023-05-19,FU,手续费、夜盘安排,08,其他特殊风险处置与应急安排,0.45,https://www.shfe.com.cn/publicnotice/notice/202305/t20230519_800211.html,E:\AAAAAAAAAAAAAAAAA\SW\SHFE\SHFE 公告数据库\00_公共基础库\SHFE原始公告数据库_v1.0_20001008-20260811\details\202305\t20230519_800211.html
P0,t20230522_800213,关于调整螺纹钢期货品种相关合约交易手续费的通知,2023-05-22,RB,手续费、夜盘安排,08,其他特殊风险处置与应急安排,0.45,https://www.shfe.com.cn/publicnotice/notice/202305/t20230522_800213.html,E:\AAAAAAAAAAAAAAAAA\SW\SHFE\SHFE 公告数据库\00_公共基础库\SHFE原始公告数据库_v1.0_20001008-20260811\details\202305\t20230522_800213.html
P0,t20230523_800221,关于上期综合业务平台低硫燃料油品种保税标准仓单交易上线有...,2023-05-23,"FU,LU",交割参数、手续费、合约挂牌参数、涨跌停板幅度、交易时间,04,合约上市、挂牌与参数初始化,0.78,https://www.shfe.com.cn/publicnotice/notice/202305/t20230523_800221.html,E:\AAAAAAAAAAAAAAAAA\SW\SHFE\SHFE 公告数据库\00_公共基础库\SHFE原始公告数据库_v1.0_20001008-20260811\details\202305\t20230523_800221.html
P0,t20230630_800422,关于调整铜等期货交易保证金比例和涨跌停板幅度的通知,2023-06-30,"AG,AU,FU",交易保证金、涨跌停板幅度,07,制度、规则和长期参数标准调整,0.78,https://www.shfe.com.cn/publicnotice/notice/202306/t20230630_800422.html,E:\AAAAAAAAAAAAAAAAA\SW\SHFE\SHFE 公告数据库\00_公共基础库\SHFE原始公告数据库_v1.0_20001008-20260811\details\202306\t20230630_800422.html
P0,t20230714_800468,关于调整螺纹钢等期货交易保证金比例和涨跌停板幅度的通知,2023-07-14,"AG,BU,FU,HC,RB,RU,SN,SP,SS,WR",交易保证金、涨跌停板幅度,07,制度、规则和长期参数标准调整,0.78,https://www.shfe.com.cn/publicnotice/notice/202307/t20230714_800468.html,E:\AAAAAAAAAAAAAAAAA\SW\SHFE\SHFE 公告数据库\00_公共基础库\SHFE原始公告数据库_v1.0_20001008-20260811\details\202307\t20230714_800468.html
P0,t20230825_800704,关于上海期货交易所实施差异化保证金的通知,2023-08-25,"AG,AO,AU,BR,FU,HC,RB,RU,SS",交易保证金、套保持仓交易保证金、涨跌停板幅度,07,制度、规则和长期参数标准调整,0.78,https://www.shfe.com.cn/publicnotice/notice/202308/t20230825_800704.html,E:\AAAAAAAAAAAAAAAAA\SW\SHFE\SHFE 公告数据库\00_公共基础库\SHFE原始公告数据库_v1.0_20001008-20260811\details\202308\t20230825_800704.html
P0,t20230905_800743,关于调整螺纹钢期货品种相关合约交易手续费的通知,2023-09-05,RB,手续费、夜盘安排,08,其他特殊风险处置与应急安排,0.45,https://www.shfe.com.cn/publicnotice/notice/202309/t20230905_800743.html,E:\AAAAAAAAAAAAAAAAA\SW\SHFE\SHFE 公告数据库\00_公共基础库\SHFE原始公告数据库_v1.0_20001008-20260811\details\202309\t20230905_800743.html
P0,t20230922_800810,关于2023年中秋节、国庆节期间有关工作安排的通知,2023-09-22,"AG,AO,AU,BR,BU,FU,HC,RB,RU,SP,SS",交易保证金、一般持仓交易保证金、夜盘安排、期权参数、涨跌停板幅度,01,节假日安排与节前后调整,0.95,https://www.shfe.com.cn/publicnotice/notice/202309/t20230922_800810.html,E:\AAAAAAAAAAAAAAAAA\SW\SHFE\SHFE 公告数据库\00_公共基础库\SHFE原始公告数据库_v1.0_20001008-20260811\details\202309\t20230922_800810.html
P0,t20231013_800861,关于调整螺纹钢期货品种相关合约交易手续费的通知,2023-10-13,RB,手续费、夜盘安排,08,其他特殊风险处置与应急安排,0.45,https://www.shfe.com.cn/publicnotice/notice/202310/t20231013_800861.html,E:\AAAAAAAAAAAAAAAAA\SW\SHFE\SHFE 公告数据库\00_公共基础库\SHFE原始公告数据库_v1.0_20001008-20260811\details\202310\t20231013_800861.html
P0,t20231129_801034,关于在部分期货品种实施交易限额的通知,2023-11-29,"AG,FU,HC,RB,RU,ZN",日内开仓限额、夜盘安排、交易限额,06,交易限额、持仓限额与异常交易管理,0.95,https://www.shfe.com.cn/publicnotice/notice/202311/t20231129_801034.html,E:\AAAAAAAAAAAAAAAAA\SW\SHFE\SHFE 公告数据库\00_公共基础库\SHFE原始公告数据库_v1.0_20001008-20260811\details\202311\t20231129_801034.html
P0,t20231207_801073,关于调整螺纹钢期货品种相关合约交易手续费的通知,2023-12-07,RB,手续费、夜盘安排,08,其他特殊风险处置与应急安排,0.45,https://www.shfe.com.cn/publicnotice/notice/202312/t20231207_801073.html,E:\AAAAAAAAAAAAAAAAA\SW\SHFE\SHFE 公告数据库\00_公共基础库\SHFE原始公告数据库_v1.0_20001008-20260811\details\202312\t20231207_801073.html
P0,t20231227_801169,关于2024年元旦期间有关工作安排的通知,2023-12-27,"AO,BR,BU,FU",交易保证金、一般持仓交易保证金、夜盘安排、期权参数、涨跌停板幅度,01,节假日安排与节前后调整,0.95,https://www.shfe.com.cn/publicnotice/notice/202312/t20231227_801169.html,E:\AAAAAAAAAAAAAAAAA\SW\SHFE\SHFE 公告数据库\00_公共基础库\SHFE原始公告数据库_v1.0_20001008-20260811\details\202312\t20231227_801169.html
P0,t20240112_801258,关于调整螺纹钢期货品种相关合约交易手续费的通知,2024-01-12,RB,手续费、夜盘安排,08,其他特殊风险处置与应急安排,0.45,https://www.shfe.com.cn/publicnotice/notice/202401/t20240112_801258.html,E:\AAAAAAAAAAAAAAAAA\SW\SHFE\SHFE 公告数据库\00_公共基础库\SHFE原始公告数据库_v1.0_20001008-20260811\details\202401\t20240112_801258.html
P0,t20240112_801261,关于调整燃料油期货品种相关合约交易手续费的通知,2024-01-12,FU,手续费、夜盘安排,08,其他特殊风险处置与应急安排,0.45,https://www.shfe.com.cn/publicnotice/notice/202401/t20240112_801261.html,E:\AAAAAAAAAAAAAAAAA\SW\SHFE\SHFE 公告数据库\00_公共基础库\SHFE原始公告数据库_v1.0_20001008-20260811\details\202401\t20240112_801261.html
P0,t20240205_801345,关于2024年春节期间有关工作安排的通知,2024-02-05,"AG,AO,AU,BR,BU,FU,HC,RB,RU,SN,SP,SS",交易保证金、一般持仓交易保证金、夜盘安排、期权参数、涨跌停板幅度,01,节假日安排与节前后调整,0.95,https://www.shfe.com.cn/publicnotice/notice/202402/t20240205_801345.html,E:\AAAAAAAAAAAAAAAAA\SW\SHFE\SHFE 公告数据库\00_公共基础库\SHFE原始公告数据库_v1.0_20001008-20260811\details\202402\t20240205_801345.html
P0,t20240328_801527,关于调整螺纹钢期货品种相关合约交易手续费的通知,2024-03-28,RB,手续费、夜盘安排,08,其他特殊风险处置与应急安排,0.45,https://www.shfe.com.cn/publicnotice/notice/202403/t20240328_801527.html,E:\AAAAAAAAAAAAAAAAA\SW\SHFE\SHFE 公告数据库\00_公共基础库\SHFE原始公告数据库_v1.0_20001008-20260811\details\202403\t20240328_801527.html
P0,t20240329_801534,关于2024年清明节期间有关工作安排的通知,2024-03-29,"HC,RB,RU,SS",交易保证金、一般持仓交易保证金、夜盘安排、期权参数、涨跌停板幅度,01,节假日安排与节前后调整,0.95,https://www.shfe.com.cn/publicnotice/notice/202403/t20240329_801534.html,E:\AAAAAAAAAAAAAAAAA\SW\SHFE\SHFE 公告数据库\00_公共基础库\SHFE原始公告数据库_v1.0_20001008-20260811\details\202403\t20240329_801534.html
P0,t20240410_801565,关于在黄金和铜期货品种实施交易限额的通知,2024-04-10,"AU,CU",日内开仓限额、夜盘安排、交易限额,06,交易限额、持仓限额与异常交易管理,0.95,https://www.shfe.com.cn/publicnotice/notice/202404/t20240410_801565.html,E:\AAAAAAAAAAAAAAAAA\SW\SHFE\SHFE 公告数据库\00_公共基础库\SHFE原始公告数据库_v1.0_20001008-20260811\details\202404\t20240410_801565.html
P0,t20240416_801591,关于调整铜等期货交易保证金比例和涨跌停板幅度的通知,2024-04-16,"AG,AL,AU",交易保证金、一般持仓交易保证金、涨跌停板幅度,07,制度、规则和长期参数标准调整,0.78,https://www.shfe.com.cn/publicnotice/notice/202404/t20240416_801591.html,E:\AAAAAAAAAAAAAAAAA\SW\SHFE\SHFE 公告数据库\00_公共基础库\SHFE原始公告数据库_v1.0_20001008-20260811\details\202404\t20240416_801591.html
P0,t20240416_801593,关于调整镍期货等品种相关合约交易手续费的通知,2024-04-16,"AG,NI,SN",手续费、夜盘安排,08,其他特殊风险处置与应急安排,0.45,https://www.shfe.com.cn/publicnotice/notice/202404/t20240416_801593.html,E:\AAAAAAAAAAAAAAAAA\SW\SHFE\SHFE 公告数据库\00_公共基础库\SHFE原始公告数据库_v1.0_20001008-20260811\details\202404\t20240416_801593.html
P0,t20240418_801607,关于调整黄金期货等品种相关合约交易手续费的通知,2024-04-18,"AG,AU",手续费、夜盘安排,08,其他特殊风险处置与应急安排,0.45,https://www.shfe.com.cn/publicnotice/notice/202404/t20240418_801607.html,E:\AAAAAAAAAAAAAAAAA\SW\SHFE\SHFE 公告数据库\00_公共基础库\SHFE原始公告数据库_v1.0_20001008-20260811\details\202404\t20240418_801607.html
P0,t20240425_801651,关于2024年劳动节期间有关工作安排的通知,2024-04-25,"AO,BU,FU,HC,RB,RU,SN,SP,SS",交易保证金、一般持仓交易保证金、夜盘安排、期权参数、涨跌停板幅度,01,节假日安排与节前后调整,0.95,https://www.shfe.com.cn/publicnotice/notice/202404/t20240425_801651.html,E:\AAAAAAAAAAAAAAAAA\SW\SHFE\SHFE 公告数据库\00_公共基础库\SHFE原始公告数据库_v1.0_20001008-20260811\details\202404\t20240425_801651.html
P0,t20240521_801750,关于调整黄金等期货交易保证金比例和涨跌停板幅度的通知,2024-05-21,"AG,AU",交易保证金、一般持仓交易保证金、涨跌停板幅度,07,制度、规则和长期参数标准调整,0.78,https://www.shfe.com.cn/publicnotice/notice/202405/t20240521_801750.html,E:\AAAAAAAAAAAAAAAAA\SW\SHFE\SHFE 公告数据库\00_公共基础库\SHFE原始公告数据库_v1.0_20001008-20260811\details\202405\t20240521_801750.html
P0,t20240522_801753,上海期货交易所关于调整申报费收费标准的通知,2024-05-22,"AG,AL,AO,AU,BR,CU,FU,HC,RB,RU,SS,ZN",夜盘安排,08,其他特殊风险处置与应急安排,0.45,https://www.shfe.com.cn/publicnotice/notice/202405/t20240522_801753.html,E:\AAAAAAAAAAAAAAAAA\SW\SHFE\SHFE 公告数据库\00_公共基础库\SHFE原始公告数据库_v1.0_20001008-20260811\details\202405\t20240522_801753.html
P0,t20240529_801782,关于调整螺纹钢期货等品种相关合约交易手续费的通知,2024-05-29,"AG,AU,FU,HC,RB",交割参数、手续费、夜盘安排,05,到期、交割月及临近交割调整,0.78,https://www.shfe.com.cn/publicnotice/notice/202405/t20240529_801782.html,E:\AAAAAAAAAAAAAAAAA\SW\SHFE\SHFE 公告数据库\00_公共基础库\SHFE原始公告数据库_v1.0_20001008-20260811\details\202405\t20240529_801782.html
P0,t20240627_801908,关于上期综合业务平台燃料油品种保税标准仓单交易上线有关事...,2024-06-27,FU,交割参数、手续费、合约挂牌参数、涨跌停板幅度、交易时间,04,合约上市、挂牌与参数初始化,0.78,https://www.shfe.com.cn/publicnotice/notice/202406/t20240627_801908.html,E:\AAAAAAAAAAAAAAAAA\SW\SHFE\SHFE 公告数据库\00_公共基础库\SHFE原始公告数据库_v1.0_20001008-20260811\details\202406\t20240627_801908.html
P0,t20240729_802054,关于发布《上海期货交易所螺纹钢期货合约（修订版）》《上海...,2024-07-29,"RB,WR",夜盘安排,07,制度、规则和长期参数标准调整,0.95,https://www.shfe.com.cn/publicnotice/notice/202407/t20240729_802054.html,E:\AAAAAAAAAAAAAAAAA\SW\SHFE\SHFE 公告数据库\00_公共基础库\SHFE原始公告数据库_v1.0_20001008-20260811\details\202407\t20240729_802054.html
P0,t20240729_802055,关于调整螺纹钢期货部分合约交易保证金比例和涨跌停板幅度的通知,2024-07-29,RB,交易保证金、一般持仓交易保证金、涨跌停板幅度,07,制度、规则和长期参数标准调整,0.78,https://www.shfe.com.cn/publicnotice/notice/202407/t20240729_802055.html,E:\AAAAAAAAAAAAAAAAA\SW\SHFE\SHFE 公告数据库\00_公共基础库\SHFE原始公告数据库_v1.0_20001008-20260811\details\202407\t20240729_802055.html
P0,t20240729_802056,关于调整螺纹钢期货等品种相关合约交易手续费的通知,2024-07-29,"RB,WR",手续费、夜盘安排,08,其他特殊风险处置与应急安排,0.45,https://www.shfe.com.cn/publicnotice/notice/202407/t20240729_802056.html,E:\AAAAAAAAAAAAAAAAA\SW\SHFE\SHFE 公告数据库\00_公共基础库\SHFE原始公告数据库_v1.0_20001008-20260811\details\202407\t20240729_802056.html
P0,t20240826_802176,关于调整螺纹钢期货品种相关合约交易手续费的通知,2024-08-26,RB,手续费、夜盘安排,08,其他特殊风险处置与应急安排,0.45,https://www.shfe.com.cn/publicnotice/notice/202408/t20240826_802176.html,E:\AAAAAAAAAAAAAAAAA\SW\SHFE\SHFE 公告数据库\00_公共基础库\SHFE原始公告数据库_v1.0_20001008-20260811\details\202408\t20240826_802176.html
P0,t20240906_802459,上海期货交易所关于调整期权品种申报费计算方式的通知,2024-09-06,"AG,AL,AO,AU,BR,CU,NI,PB,RB,RU,SN,ZN",夜盘安排、期权参数,08,其他特殊风险处置与应急安排,0.45,https://www.shfe.com.cn/publicnotice/notice/202409/t20240906_802459.html,E:\AAAAAAAAAAAAAAAAA\SW\SHFE\SHFE 公告数据库\00_公共基础库\SHFE原始公告数据库_v1.0_20001008-20260811\details\202409\t20240906_802459.html
P0,t20240924_815107,关于2024年国庆节期间有关工作安排的通知,2024-09-24,"AO,BR,BU,FU,HC,RB,RU,SP,SS",交易保证金、一般持仓交易保证金、夜盘安排、期权参数、涨跌停板幅度,01,节假日安排与节前后调整,0.95,https://www.shfe.com.cn/publicnotice/notice/202409/t20240924_815107.html,E:\AAAAAAAAAAAAAAAAA\SW\SHFE\SHFE 公告数据库\00_公共基础库\SHFE原始公告数据库_v1.0_20001008-20260811\details\202409\t20240924_815107.html
P0,t20241025_815269,关于调整白银期货品种相关合约交易手续费的通知,2024-10-25,AG,手续费、夜盘安排,08,其他特殊风险处置与应急安排,0.45,https://www.shfe.com.cn/publicnotice/notice/202410/t20241025_815269.html,E:\AAAAAAAAAAAAAAAAA\SW\SHFE\SHFE 公告数据库\00_公共基础库\SHFE原始公告数据库_v1.0_20001008-20260811\details\202410\t20241025_815269.html
P0,t20250122_824396,关于2025年春节期间有关工作安排的通知,2025-01-22,"AG,AO,AU,BR,FU,HC,PB,RB,RU,SP,SS",交易保证金、一般持仓交易保证金、夜盘安排、期权参数、涨跌停板幅度,01,节假日安排与节前后调整,0.95,https://www.shfe.com.cn/publicnotice/notice/202501/t20250122_824396.html,E:\AAAAAAAAAAAAAAAAA\SW\SHFE\SHFE 公告数据库\00_公共基础库\SHFE原始公告数据库_v1.0_20001008-20260811\details\202501\t20250122_824396.html
P0,t20250409_825003,关于调整燃料油等期货交易保证金比例和涨跌停板幅度的通知,2025-04-09,"AG,AU,BU,FU,RU",交易保证金、一般持仓交易保证金、涨跌停板幅度,07,制度、规则和长期参数标准调整,0.78,https://www.shfe.com.cn/publicnotice/notice/202504/t20250409_825003.html,E:\AAAAAAAAAAAAAAAAA\SW\SHFE\SHFE 公告数据库\00_公共基础库\SHFE原始公告数据库_v1.0_20001008-20260811\details\202504\t20250409_825003.html
P0,t20250423_827618,关于调整黄金期货品种相关合约交易手续费的通知,2025-04-23,AU,手续费、夜盘安排,08,其他特殊风险处置与应急安排,0.45,https://www.shfe.com.cn/publicnotice/notice/202504/t20250423_827618.html,E:\AAAAAAAAAAAAAAAAA\SW\SHFE\SHFE 公告数据库\00_公共基础库\SHFE原始公告数据库_v1.0_20001008-20260811\details\202504\t20250423_827618.html
P0,t20250425_827640,关于2025年劳动节期间有关工作安排的通知,2025-04-25,"AG,AO,AU,BR,CU,FU,HC,RB,RU,SN,SP,SS",交易保证金、一般持仓交易保证金、夜盘安排、期权参数、涨跌停板幅度,01,节假日安排与节前后调整,0.95,https://www.shfe.com.cn/publicnotice/notice/202504/t20250425_827640.html,E:\AAAAAAAAAAAAAAAAA\SW\SHFE\SHFE 公告数据库\00_公共基础库\SHFE原始公告数据库_v1.0_20001008-20260811\details\202504\t20250425_827640.html
P0,t20250514_827756,关于调整黄金期货品种相关合约交易手续费的通知,2025-05-14,AU,交割参数、手续费、夜盘安排,05,到期、交割月及临近交割调整,0.78,https://www.shfe.com.cn/publicnotice/notice/202505/t20250514_827756.html,E:\AAAAAAAAAAAAAAAAA\SW\SHFE\SHFE 公告数据库\00_公共基础库\SHFE原始公告数据库_v1.0_20001008-20260811\details\202505\t20250514_827756.html
P0,t20250527_827892,关于2025年端午节期间有关工作安排的通知,2025-05-27,"AG,AO,AU",交易保证金、一般持仓交易保证金、夜盘安排、期权参数、涨跌停板幅度,01,节假日安排与节前后调整,0.95,https://www.shfe.com.cn/publicnotice/notice/202505/t20250527_827892.html,E:\AAAAAAAAAAAAAAAAA\SW\SHFE\SHFE 公告数据库\00_公共基础库\SHFE原始公告数据库_v1.0_20001008-20260811\details\202505\t20250527_827892.html
P0,t20250818_828698,关于燃料油、石油沥青和纸浆期权上市交易有关事项的通知,2025-08-18,"BU,FU,SP",手续费、合约挂牌参数、夜盘安排、期权参数、持仓限额、交易时间,04,合约上市、挂牌与参数初始化,0.95,https://www.shfe.com.cn/publicnotice/notice/202508/t20250818_828698.html,E:\AAAAAAAAAAAAAAAAA\SW\SHFE\SHFE 公告数据库\00_公共基础库\SHFE原始公告数据库_v1.0_20001008-20260811\details\202508\t20250818_828698.html
P0,t20250924_829115,关于2025年国庆节、中秋节期间有关工作安排的通知,2025-09-24,"AD,AG,AO,AU,BR,FU,HC,OP,PB,RB,RU,SS,WR",交易保证金、一般持仓交易保证金、套保持仓交易保证金、夜盘安排、期权参数、涨跌停板幅度,01,节假日安排与节前后调整,0.95,https://www.shfe.com.cn/publicnotice/notice/202509/t20250924_829115.html,E:\AAAAAAAAAAAAAAAAA\SW\SHFE\SHFE 公告数据库\00_公共基础库\SHFE原始公告数据库_v1.0_20001008-20260811\details\202509\t20250924_829115.html
P0,t20251016_829264,关于调整部分期权品种手续费的通知,2025-10-16,"PB,RB,RU",手续费、夜盘安排,08,其他特殊风险处置与应急安排,0.45,https://www.shfe.com.cn/publicnotice/notice/202510/t20251016_829264.html,E:\AAAAAAAAAAAAAAAAA\SW\SHFE\SHFE 公告数据库\00_公共基础库\SHFE原始公告数据库_v1.0_20001008-20260811\details\202510\t20251016_829264.html
P0,t20251017_829279,关于调整黄金和白银期货交易保证金比例和涨跌停板幅度的通知,2025-10-17,"AG,AU",交易保证金、一般持仓交易保证金、套保持仓交易保证金、涨跌停板幅度,07,制度、规则和长期参数标准调整,0.78,https://www.shfe.com.cn/publicnotice/notice/202510/t20251017_829279.html,E:\AAAAAAAAAAAAAAAAA\SW\SHFE\SHFE 公告数据库\00_公共基础库\SHFE原始公告数据库_v1.0_20001008-20260811\details\202510\t20251017_829279.html
P0,t20251128_829652,关于调整套期保值交易管理有关事项的通知,2025-11-28,"AD,AG,AO,AU,BR,FU,HC,OP,RB,RU,SS",交割参数、持仓限额,05,到期、交割月及临近交割调整,0.78,https://www.shfe.com.cn/publicnotice/notice/202511/t20251128_829652.html,E:\AAAAAAAAAAAAAAAAA\SW\SHFE\SHFE 公告数据库\00_公共基础库\SHFE原始公告数据库_v1.0_20001008-20260811\details\202511\t20251128_829652.html
P0,t20251205_829720,关于调整燃料油等期货交易保证金比例和涨跌停板幅度的通知,2025-12-05,"BU,FU",交易保证金、一般持仓交易保证金、套保持仓交易保证金、涨跌停板幅度,07,制度、规则和长期参数标准调整,0.78,https://www.shfe.com.cn/publicnotice/notice/202512/t20251205_829720.html,E:\AAAAAAAAAAAAAAAAA\SW\SHFE\SHFE 公告数据库\00_公共基础库\SHFE原始公告数据库_v1.0_20001008-20260811\details\202512\t20251205_829720.html
P0,t20251210_829754,关于调整白银期货相关合约交易保证金比例和涨跌停板幅度的通知,2025-12-10,AG,交易保证金、一般持仓交易保证金、套保持仓交易保证金、涨跌停板幅度,07,制度、规则和长期参数标准调整,0.78,https://www.shfe.com.cn/publicnotice/notice/202512/t20251210_829754.html,E:\AAAAAAAAAAAAAAAAA\SW\SHFE\SHFE 公告数据库\00_公共基础库\SHFE原始公告数据库_v1.0_20001008-20260811\details\202512\t20251210_829754.html
P0,t20251222_829863,关于调整白银期货相关合约交易限额的通知,2025-12-22,AG,日内开仓限额、夜盘安排、交易限额,06,交易限额、持仓限额与异常交易管理,0.95,https://www.shfe.com.cn/publicnotice/notice/202512/t20251222_829863.html,E:\AAAAAAAAAAAAAAAAA\SW\SHFE\SHFE 公告数据库\00_公共基础库\SHFE原始公告数据库_v1.0_20001008-20260811\details\202512\t20251222_829863.html
P0,t20251222_829864,关于调整白银期货品种相关合约交易手续费的通知,2025-12-22,AG,手续费、夜盘安排,08,其他特殊风险处置与应急安排,0.45,https://www.shfe.com.cn/publicnotice/notice/202512/t20251222_829864.html,E:\AAAAAAAAAAAAAAAAA\SW\SHFE\SHFE 公告数据库\00_公共基础库\SHFE原始公告数据库_v1.0_20001008-20260811\details\202512\t20251222_829864.html
P0,t20251226_829924,关于2026年元旦期间有关工作安排的通知,2025-12-26,"AG,AU",交易保证金、一般持仓交易保证金、套保持仓交易保证金、夜盘安排、期权参数、涨跌停板幅度,01,节假日安排与节前后调整,0.95,https://www.shfe.com.cn/publicnotice/notice/202512/t20251226_829924.html,E:\AAAAAAAAAAAAAAAAA\SW\SHFE\SHFE 公告数据库\00_公共基础库\SHFE原始公告数据库_v1.0_20001008-20260811\details\202512\t20251226_829924.html
P0,t20260107_830046,关于调整白银期货合约交易限额的通知,2026-01-07,AG,日内开仓限额、夜盘安排、交易限额,06,交易限额、持仓限额与异常交易管理,0.95,https://www.shfe.com.cn/publicnotice/notice/202601/t20260107_830046.html,E:\AAAAAAAAAAAAAAAAA\SW\SHFE\SHFE 公告数据库\00_公共基础库\SHFE原始公告数据库_v1.0_20001008-20260811\details\202601\t20260107_830046.html
P0,t20260107_830047,关于调整白银期货相关合约交易保证金比例和涨跌停板幅度的通知,2026-01-07,AG,交易保证金、一般持仓交易保证金、套保持仓交易保证金、涨跌停板幅度,07,制度、规则和长期参数标准调整,0.78,https://www.shfe.com.cn/publicnotice/notice/202601/t20260107_830047.html,E:\AAAAAAAAAAAAAAAAA\SW\SHFE\SHFE 公告数据库\00_公共基础库\SHFE原始公告数据库_v1.0_20001008-20260811\details\202601\t20260107_830047.html
P0,t20260107_830048,关于调整白银等期货品种相关合约交易手续费的通知,2026-01-07,"AG,SN",手续费、夜盘安排,08,其他特殊风险处置与应急安排,0.45,https://www.shfe.com.cn/publicnotice/notice/202601/t20260107_830048.html,E:\AAAAAAAAAAAAAAAAA\SW\SHFE\SHFE 公告数据库\00_公共基础库\SHFE原始公告数据库_v1.0_20001008-20260811\details\202601\t20260107_830048.html
P0,t20260116_830136,关于调整白银、镍期货相关合约交易限额的通知,2026-01-16,"AG,NI",日内开仓限额、夜盘安排、交易限额,06,交易限额、持仓限额与异常交易管理,0.95,https://www.shfe.com.cn/publicnotice/notice/202601/t20260116_830136.html,E:\AAAAAAAAAAAAAAAAA\SW\SHFE\SHFE 公告数据库\00_公共基础库\SHFE原始公告数据库_v1.0_20001008-20260811\details\202601\t20260116_830136.html
P0,t20260120_830161,关于调整铜等期货相关合约交易保证金比例和涨跌停板幅度的通知,2026-01-20,"AG,AL,AU,CU",交易保证金、一般持仓交易保证金、套保持仓交易保证金、涨跌停板幅度,07,制度、规则和长期参数标准调整,0.78,https://www.shfe.com.cn/publicnotice/notice/202601/t20260120_830161.html,E:\AAAAAAAAAAAAAAAAA\SW\SHFE\SHFE 公告数据库\00_公共基础库\SHFE原始公告数据库_v1.0_20001008-20260811\details\202601\t20260120_830161.html
P0,t20260126_830244,关于调整白银、锡期货相关合约交易限额的通知,2026-01-26,"AG,SN",日内开仓限额、夜盘安排、交易限额,06,交易限额、持仓限额与异常交易管理,0.95,https://www.shfe.com.cn/publicnotice/notice/202601/t20260126_830244.html,E:\AAAAAAAAAAAAAAAAA\SW\SHFE\SHFE 公告数据库\00_公共基础库\SHFE原始公告数据库_v1.0_20001008-20260811\details\202601\t20260126_830244.html
P0,t20260126_830245,关于调整铜等期货相关合约涨跌停板幅度和交易保证金比例的通知,2026-01-26,"AL,CU",交易保证金、一般持仓交易保证金、套保持仓交易保证金、涨跌停板幅度,07,制度、规则和长期参数标准调整,0.78,https://www.shfe.com.cn/publicnotice/notice/202601/t20260126_830245.html,E:\AAAAAAAAAAAAAAAAA\SW\SHFE\SHFE 公告数据库\00_公共基础库\SHFE原始公告数据库_v1.0_20001008-20260811\details\202601\t20260126_830245.html
P0,t20260128_830274,关于调整镍等期货相关合约涨跌停板幅度和交易保证金比例的通知,2026-01-28,"AD,AG,AO,AU,HC,NI,RB,SS,ZN",交易保证金、一般持仓交易保证金、套保持仓交易保证金、涨跌停板幅度,07,制度、规则和长期参数标准调整,0.78,https://www.shfe.com.cn/publicnotice/notice/202601/t20260128_830274.html,E:\AAAAAAAAAAAAAAAAA\SW\SHFE\SHFE 公告数据库\00_公共基础库\SHFE原始公告数据库_v1.0_20001008-20260811\details\202601\t20260128_830274.html
P0,t20260130_830314,关于调整白银期货相关合约涨跌停板幅度和交易保证金比例的通知,2026-01-30,AG,交易保证金、一般持仓交易保证金、套保持仓交易保证金、涨跌停板幅度,07,制度、规则和长期参数标准调整,0.78,https://www.shfe.com.cn/publicnotice/notice/202601/t20260130_830314.html,E:\AAAAAAAAAAAAAAAAA\SW\SHFE\SHFE 公告数据库\00_公共基础库\SHFE原始公告数据库_v1.0_20001008-20260811\details\202601\t20260130_830314.html
P0,t20260203_830353,关于调整白银期货相关合约涨跌停板幅度和交易保证金比例的通知,2026-02-03,AG,交易保证金、一般持仓交易保证金、套保持仓交易保证金、涨跌停板幅度,07,制度、规则和长期参数标准调整,0.78,https://www.shfe.com.cn/publicnotice/notice/202602/t20260203_830353.html,E:\AAAAAAAAAAAAAAAAA\SW\SHFE\SHFE 公告数据库\00_公共基础库\SHFE原始公告数据库_v1.0_20001008-20260811\details\202602\t20260203_830353.html
P0,t20260203_830354,关于调整燃料油等期货相关合约涨跌停板幅度和交易保证金比例...,2026-02-03,"BR,FU,OP,RU",交易保证金、一般持仓交易保证金、套保持仓交易保证金、涨跌停板幅度,07,制度、规则和长期参数标准调整,0.78,https://www.shfe.com.cn/publicnotice/notice/202602/t20260203_830354.html,E:\AAAAAAAAAAAAAAAAA\SW\SHFE\SHFE 公告数据库\00_公共基础库\SHFE原始公告数据库_v1.0_20001008-20260811\details\202602\t20260203_830354.html
P0,t20260205_830383,关于调整铜等期货相关合约涨跌停板幅度和交易保证金比例的通知,2026-02-05,"AD,AG,AO,AU,SS",交易保证金、一般持仓交易保证金、套保持仓交易保证金、涨跌停板幅度,07,制度、规则和长期参数标准调整,0.78,https://www.shfe.com.cn/publicnotice/notice/202602/t20260205_830383.html,E:\AAAAAAAAAAAAAAAAA\SW\SHFE\SHFE 公告数据库\00_公共基础库\SHFE原始公告数据库_v1.0_20001008-20260811\details\202602\t20260205_830383.html
P0,t20260209_830421,关于2026年春节期间有关工作安排的通知,2026-02-09,"AD,AG,AO,AU,BR,FU,HC,OP,RB,RU,SN,SS",交易保证金、一般持仓交易保证金、套保持仓交易保证金、夜盘安排、期权参数、涨跌停板幅度,01,节假日安排与节前后调整,0.95,https://www.shfe.com.cn/publicnotice/notice/202602/t20260209_830421.html,E:\AAAAAAAAAAAAAAAAA\SW\SHFE\SHFE 公告数据库\00_公共基础库\SHFE原始公告数据库_v1.0_20001008-20260811\details\202602\t20260209_830421.html
P0,t20260209_830422,关于调整铜等期货新上市合约交易保证金比例和涨跌停板幅度的通知,2026-02-09,"AD,AG,AL,AO,AU,BR,BU,CU,FU,HC,NI,OP,PB,RB,SN,SP,SS,WR,ZN",交易保证金、一般持仓交易保证金、套保持仓交易保证金、涨跌停板幅度,07,制度、规则和长期参数标准调整,0.78,https://www.shfe.com.cn/publicnotice/notice/202602/t20260209_830422.html,E:\AAAAAAAAAAAAAAAAA\SW\SHFE\SHFE 公告数据库\00_公共基础库\SHFE原始公告数据库_v1.0_20001008-20260811\details\202602\t20260209_830422.html
P0,t20260303_830542,关于调整燃料油期货相关合约交易限额的通知,2026-03-03,FU,日内开仓限额、夜盘安排、交易限额,06,交易限额、持仓限额与异常交易管理,0.95,https://www.shfe.com.cn/publicnotice/notice/202603/t20260303_830542.html,E:\AAAAAAAAAAAAAAAAA\SW\SHFE\SHFE 公告数据库\00_公共基础库\SHFE原始公告数据库_v1.0_20001008-20260811\details\202603\t20260303_830542.html
P0,t20260303_830547,关于调整燃料油期货相关合约涨跌停板幅度和交易保证金比例的通知,2026-03-03,FU,交易保证金、一般持仓交易保证金、套保持仓交易保证金、涨跌停板幅度,07,制度、规则和长期参数标准调整,0.78,https://www.shfe.com.cn/publicnotice/notice/202603/t20260303_830547.html,E:\AAAAAAAAAAAAAAAAA\SW\SHFE\SHFE 公告数据库\00_公共基础库\SHFE原始公告数据库_v1.0_20001008-20260811\details\202603\t20260303_830547.html
P0,t20260304_830548,关于燃料油期货相关合约有关事项的通知,2026-03-04,FU,交易保证金、一般持仓交易保证金、套保持仓交易保证金、夜盘安排、涨跌停板幅度,03,连续涨跌停及规则触发扩板,0.78,https://www.shfe.com.cn/publicnotice/notice/202603/t20260304_830548.html,E:\AAAAAAAAAAAAAAAAA\SW\SHFE\SHFE 公告数据库\00_公共基础库\SHFE原始公告数据库_v1.0_20001008-20260811\details\202603\t20260304_830548.html
P0,t20260304_830549,关于调整燃料油期货相关合约涨跌停板幅度和交易保证金比例的通知,2026-03-04,FU,交易保证金、一般持仓交易保证金、套保持仓交易保证金、涨跌停板幅度,07,制度、规则和长期参数标准调整,0.78,https://www.shfe.com.cn/publicnotice/notice/202603/t20260304_830549.html,E:\AAAAAAAAAAAAAAAAA\SW\SHFE\SHFE 公告数据库\00_公共基础库\SHFE原始公告数据库_v1.0_20001008-20260811\details\202603\t20260304_830549.html
P0,t20260305_830563,关于调整燃料油期货相关合约涨跌停板幅度和交易保证金比例的通知,2026-03-05,FU,交易保证金、一般持仓交易保证金、套保持仓交易保证金、涨跌停板幅度,07,制度、规则和长期参数标准调整,0.78,https://www.shfe.com.cn/publicnotice/notice/202603/t20260305_830563.html,E:\AAAAAAAAAAAAAAAAA\SW\SHFE\SHFE 公告数据库\00_公共基础库\SHFE原始公告数据库_v1.0_20001008-20260811\details\202603\t20260305_830563.html
P0,t20260306_830581,关于调整燃料油期货相关合约交易限额的通知,2026-03-06,FU,日内开仓限额、夜盘安排、交易限额,06,交易限额、持仓限额与异常交易管理,0.95,https://www.shfe.com.cn/publicnotice/notice/202603/t20260306_830581.html,E:\AAAAAAAAAAAAAAAAA\SW\SHFE\SHFE 公告数据库\00_公共基础库\SHFE原始公告数据库_v1.0_20001008-20260811\details\202603\t20260306_830581.html
P0,t20260306_830582,关于调整燃料油期货相关合约涨跌停板幅度和交易保证金比例的通知,2026-03-06,FU,交易保证金、一般持仓交易保证金、套保持仓交易保证金、涨跌停板幅度,07,制度、规则和长期参数标准调整,0.78,https://www.shfe.com.cn/publicnotice/notice/202603/t20260306_830582.html,E:\AAAAAAAAAAAAAAAAA\SW\SHFE\SHFE 公告数据库\00_公共基础库\SHFE原始公告数据库_v1.0_20001008-20260811\details\202603\t20260306_830582.html
P0,t20260306_830602,关于调整燃料油期货品种相关合约交易手续费的通知,2026-03-06,FU,手续费、夜盘安排,08,其他特殊风险处置与应急安排,0.45,https://www.shfe.com.cn/publicnotice/notice/202603/t20260306_830602.html,E:\AAAAAAAAAAAAAAAAA\SW\SHFE\SHFE 公告数据库\00_公共基础库\SHFE原始公告数据库_v1.0_20001008-20260811\details\202603\t20260306_830602.html
P0,t20260309_830611,关于调整燃料油期货交易限额的通知,2026-03-09,FU,日内开仓限额、夜盘安排、交易限额,06,交易限额、持仓限额与异常交易管理,0.95,https://www.shfe.com.cn/publicnotice/notice/202603/t20260309_830611.html,E:\AAAAAAAAAAAAAAAAA\SW\SHFE\SHFE 公告数据库\00_公共基础库\SHFE原始公告数据库_v1.0_20001008-20260811\details\202603\t20260309_830611.html
P0,t20260309_830632,关于调整燃料油期货品种相关合约交易手续费的通知,2026-03-09,FU,手续费、夜盘安排,08,其他特殊风险处置与应急安排,0.45,https://www.shfe.com.cn/publicnotice/notice/202603/t20260309_830632.html,E:\AAAAAAAAAAAAAAAAA\SW\SHFE\SHFE 公告数据库\00_公共基础库\SHFE原始公告数据库_v1.0_20001008-20260811\details\202603\t20260309_830632.html
P0,t20260310_830641,关于调整燃料油、石油沥青、丁二烯橡胶期货相关合约涨跌停板...,2026-03-10,"BR,BU,FU",交易保证金、一般持仓交易保证金、套保持仓交易保证金、涨跌停板幅度,07,制度、规则和长期参数标准调整,0.78,https://www.shfe.com.cn/publicnotice/notice/202603/t20260310_830641.html,E:\AAAAAAAAAAAAAAAAA\SW\SHFE\SHFE 公告数据库\00_公共基础库\SHFE原始公告数据库_v1.0_20001008-20260811\details\202603\t20260310_830641.html
P0,t20260312_830680,关于调整黄金等期货相关合约涨跌停板幅度和交易保证金比例的通知,2026-03-12,"AG,AU,NI,OP,RU,SN,SP",交易保证金、一般持仓交易保证金、套保持仓交易保证金、涨跌停板幅度,07,制度、规则和长期参数标准调整,0.78,https://www.shfe.com.cn/publicnotice/notice/202603/t20260312_830680.html,E:\AAAAAAAAAAAAAAAAA\SW\SHFE\SHFE 公告数据库\00_公共基础库\SHFE原始公告数据库_v1.0_20001008-20260811\details\202603\t20260312_830680.html
P0,t20260413_831097,上海国际能源交易中心发布关于20号胶、国际铜期权上市交易有...,2026-04-13,"BC,CU,NR",手续费、夜盘安排、期权参数、持仓限额、交易时间,04,合约上市、挂牌与参数初始化,0.95,https://www.shfe.com.cn/publicnotice/notice/202604/t20260413_831097.html,E:\AAAAAAAAAAAAAAAAA\SW\SHFE\SHFE 公告数据库\00_公共基础库\SHFE原始公告数据库_v1.0_20001008-20260811\details\202604\t20260413_831097.html
P0,t20260414_831099,关于调整黄金等期货相关合约涨跌停板幅度和交易保证金比例的通知,2026-04-14,"AG,AU",交易保证金、一般持仓交易保证金、套保持仓交易保证金、涨跌停板幅度,07,制度、规则和长期参数标准调整,0.78,https://www.shfe.com.cn/publicnotice/notice/202604/t20260414_831099.html,E:\AAAAAAAAAAAAAAAAA\SW\SHFE\SHFE 公告数据库\00_公共基础库\SHFE原始公告数据库_v1.0_20001008-20260811\details\202604\t20260414_831099.html
P0,t20260427_831528,关于2026年劳动节期间有关工作安排的通知,2026-04-27,"AD,AL,AO,CU,HC,NI,OP,PB,RB,RU,SN,SP,SS,WR,ZN",交易保证金、一般持仓交易保证金、套保持仓交易保证金、夜盘安排、期权参数、涨跌停板幅度,01,节假日安排与节前后调整,0.95,https://www.shfe.com.cn/publicnotice/notice/202604/t20260427_831528.html,E:\AAAAAAAAAAAAAAAAA\SW\SHFE\SHFE 公告数据库\00_公共基础库\SHFE原始公告数据库_v1.0_20001008-20260811\details\202604\t20260427_831528.html
P0,t20260513_831679,关于调整白银期货相关合约涨跌停板幅度和交易保证金比例的通知,2026-05-13,AG,交易保证金、一般持仓交易保证金、套保持仓交易保证金、涨跌停板幅度,07,制度、规则和长期参数标准调整,0.78,https://www.shfe.com.cn/publicnotice/notice/202605/t20260513_831679.html,E:\AAAAAAAAAAAAAAAAA\SW\SHFE\SHFE 公告数据库\00_公共基础库\SHFE原始公告数据库_v1.0_20001008-20260811\details\202605\t20260513_831679.html
P0,t20260515_831713,关于调整螺纹钢等期货相关合约涨跌停板幅度和交易保证金比例...,2026-05-15,"HC,RB,SS",交易保证金、一般持仓交易保证金、套保持仓交易保证金、涨跌停板幅度,07,制度、规则和长期参数标准调整,0.78,https://www.shfe.com.cn/publicnotice/notice/202605/t20260515_831713.html,E:\AAAAAAAAAAAAAAAAA\SW\SHFE\SHFE 公告数据库\00_公共基础库\SHFE原始公告数据库_v1.0_20001008-20260811\details\202605\t20260515_831713.html
P0,t20260529_831881,关于调整燃料油期货相关合约交易限额的通知,2026-05-29,FU,日内开仓限额、夜盘安排、交易限额,06,交易限额、持仓限额与异常交易管理,0.95,https://www.shfe.com.cn/publicnotice/notice/202605/t20260529_831881.html,E:\AAAAAAAAAAAAAAAAA\SW\SHFE\SHFE 公告数据库\00_公共基础库\SHFE原始公告数据库_v1.0_20001008-20260811\details\202605\t20260529_831881.html
P0,t20260529_831882,关于调整燃料油期货涨跌停板幅度和交易保证金比例的通知,2026-05-29,FU,交易保证金、一般持仓交易保证金、套保持仓交易保证金、涨跌停板幅度,07,制度、规则和长期参数标准调整,0.78,https://www.shfe.com.cn/publicnotice/notice/202605/t20260529_831882.html,E:\AAAAAAAAAAAAAAAAA\SW\SHFE\SHFE 公告数据库\00_公共基础库\SHFE原始公告数据库_v1.0_20001008-20260811\details\202605\t20260529_831882.html
P0,t20260611_832030,关于调整黄金、白银期货相关合约涨跌停板幅度和交易保证金比...,2026-06-11,"AG,AU",交易保证金、一般持仓交易保证金、套保持仓交易保证金、涨跌停板幅度,07,制度、规则和长期参数标准调整,0.78,https://www.shfe.com.cn/publicnotice/notice/202606/t20260611_832030.html,E:\AAAAAAAAAAAAAAAAA\SW\SHFE\SHFE 公告数据库\00_公共基础库\SHFE原始公告数据库_v1.0_20001008-20260811\details\202606\t20260611_832030.html
P0,t20260623_832250,关于调整燃料油期货相关合约交易限额的通知,2026-06-23,FU,日内开仓限额、夜盘安排、交易限额,06,交易限额、持仓限额与异常交易管理,0.95,https://www.shfe.com.cn/publicnotice/notice/202606/t20260623_832250.html,E:\AAAAAAAAAAAAAAAAA\SW\SHFE\SHFE 公告数据库\00_公共基础库\SHFE原始公告数据库_v1.0_20001008-20260811\details\202606\t20260623_832250.html
P0,t20260623_832251,关于调整燃料油期货相关合约涨跌停板幅度和交易保证金比例的通知,2026-06-23,FU,交易保证金、一般持仓交易保证金、套保持仓交易保证金、涨跌停板幅度,07,制度、规则和长期参数标准调整,0.78,https://www.shfe.com.cn/publicnotice/notice/202606/t20260623_832251.html,E:\AAAAAAAAAAAAAAAAA\SW\SHFE\SHFE 公告数据库\00_公共基础库\SHFE原始公告数据库_v1.0_20001008-20260811\details\202606\t20260623_832251.html
P0,t20260623_832256,关于调整燃料油期货品种相关合约交易手续费的通知,2026-06-23,FU,交割参数、手续费、夜盘安排,05,到期、交割月及临近交割调整,0.78,https://www.shfe.com.cn/publicnotice/notice/202606/t20260623_832256.html,E:\AAAAAAAAAAAAAAAAA\SW\SHFE\SHFE 公告数据库\00_公共基础库\SHFE原始公告数据库_v1.0_20001008-20260811\details\202606\t20260623_832256.html
P0,t20260630_832357,关于调整黄金等期货相关合约涨跌停板幅度和交易保证金比例的通知,2026-06-30,"AL,AO,AU,CU,NI,PB,SS,ZN",交易保证金、一般持仓交易保证金、套保持仓交易保证金、涨跌停板幅度,07,制度、规则和长期参数标准调整,0.78,https://www.shfe.com.cn/publicnotice/notice/202606/t20260630_832357.html,E:\AAAAAAAAAAAAAAAAA\SW\SHFE\SHFE 公告数据库\00_公共基础库\SHFE原始公告数据库_v1.0_20001008-20260811\details\202606\t20260630_832357.html
P0,t20260803_832839,关于上线套利指令的通知,2026-08-03,"AU,RB,RU",夜盘安排,08,其他特殊风险处置与应急安排,0.45,https://www.shfe.com.cn/publicnotice/notice/202608/t20260803_832839.html,E:\AAAAAAAAAAAAAAAAA\SW\SHFE\SHFE 公告数据库\00_公共基础库\SHFE原始公告数据库_v1.0_20001008-20260811\details\202608\t20260803_832839.html
