event_id,product,event_date,event_category_en,事件类型_cn,specific_event_en,具体事件_cn,real_world_background_en,现实背景_cn,expected_direction_en,预期方向_cn,severity_en,事件严重度_cn,post10_anomaly_days,post10_max_anomaly_count,policy_clusters_next20,nearest_policy_gap_trading_days,nearest_policy_direction_en,最近公告方向_cn,nearest_policy_type_en,最近公告类型_cn,最近公告参数调整_cn,forward_status_en,结论边界_cn,event_source_url
EC_EVT_001,EC,2023-12-15,geopolitical_shipping,地缘冲突与航运,Maersk Operations through Red Sea / Gulf of Aden,Maersk宣布因红海南部和亚丁湾安全局势暂停所有拟通过曼德海峡的船舶航行,"Geopolitical disruption affects route access, voyage time and freight rates.",亚欧航线绕行预期提高航程与有效运力占用并推升即期运价,up,上行,high,高,9,2,5,5.0,tightening,收紧,trading fee | margin and price limit,交易手续费 | 保证金与涨跌停板,EC2404/06/08/10/12日内平今2‱→4‱ || EC2404/06保证金12%→14%；涨跌停板10%→12%,event_anomaly_policy_observed,历史关联记录；不可视为确定性预测或因果链条,https://www.maersk.com/tr-tr/news/articles/2023/12/15/maersk-operations-through-red-sea-gulf-of-aden
EC_EVT_002,EC,2023-12-19,carrier_rerouting,船公司绕航,Announcement of charges in relation to Red Sea / Gulf of Aden situation,Maersk确认此前暂停船舶将绕行好望角且后续服务继续接受安全评估,"Rerouting changes voyage distance, effective capacity use and freight costs.",绕行扩大吨海里需求并延长亚欧运输时间,up,上行,medium,中,10,2,5,3.0,tightening,收紧,trading fee | margin and price limit,交易手续费 | 保证金与涨跌停板,EC2404/06/08/10/12日内平今2‱→4‱ || EC2404/06保证金12%→14%；涨跌停板10%→12%,event_anomaly_policy_observed,历史关联记录；不可视为确定性预测或因果链条,https://www.maersk.com/news/articles/2024/08/28/announcement-of-charges-in-relation-to-red-sea-gulf-of-aden-situation-excl-exp-from-far-east-asia
EC_EVT_003,EC,2023-12-24,carrier_rerouting,船公司绕航,Maersk Operations through Red Sea / Gulf of Aden,Maersk宣布在多国安全行动部署后准备恢复红海和苏伊士运河通行,"Rerouting changes voyage distance, effective capacity use and freight costs.",恢复预期可能缓解绕行带来的运力紧张和运价压力,down,下行,medium,中,8,2,4,0.0,tightening,收紧,trading fee | intraday opening-position limit,交易手续费 | 日内开仓限额,EC2404上限500→200手；EC2406/08/10/12上限1000→500手 || EC2404/06/08/10/12交易手续费2‱→6‱；日内平今4‱→12‱,event_anomaly_policy_observed,历史关联记录；不可视为确定性预测或因果链条,https://www.maersk.com/ja-jp/news/articles/2023/12/15/maersk-operations-through-red-sea-gulf-of-aden
EC_EVT_004,EC,2023-12-31,geopolitical_shipping,地缘冲突与航运,Maersk Operations through Red Sea / Gulf of Aden,Maersk Hangzhou遇袭后集团再次暂停所有红海和亚丁湾通行至至少2024年1月2日,"Geopolitical disruption affects route access, voyage time and freight rates.",再次暂停强化绕行和供应链延误预期,up,上行,high,高,5,2,1,2.0,tightening,收紧,intraday opening-position limit,日内开仓限额,EC2408/10/12上限100→50手,event_anomaly_policy_observed,历史关联记录；不可视为确定性预测或因果链条,https://www.maersk.com/tr-tr/news/articles/2023/12/15/maersk-operations-through-red-sea-gulf-of-aden
EC_EVT_005,EC,2024-01-05,carrier_rerouting,船公司绕航,Maersk Operations through Red Sea / Gulf of Aden,Maersk宣布在可预见的未来所有相关船舶绕行好望角,"Rerouting changes voyage distance, effective capacity use and freight costs.",长期绕航预期增加航程、燃油消耗和有效运力占用,up,上行,high,高,2,2,0,,,,,,,event_anomaly_no_policy_next20,历史关联记录；不可视为确定性预测或因果链条,https://www.maersk.com/ja-jp/news/articles/2023/12/15/maersk-operations-through-red-sea-gulf-of-aden
EC_EVT_006,EC,2024-01-24,carrier_rerouting,船公司绕航,Red Sea / Gulf of Aden – service updates,Maersk公布亚欧等多条航线持续绕行并调整挂港和船期以维持周班,"Rerouting changes voyage distance, effective capacity use and freight costs.",服务网络重构确认绕航冲击持续并延长运输时间,up,上行,medium,中,4,1,0,,,,,,,event_anomaly_no_policy_next20,历史关联记录；不可视为确定性预测或因果链条,https://www.maersk.com/news/articles/2024/01/24/red-sea-gulf-aden-service-updates
EC_EVT_007,EC,2024-04-19,port_disruption,港口中断,Capacity adjustment changes,亚洲至北欧港口拥堵使AE55服务船期后移,Port congestion or labor disruption delays cargo flows and reduces effective capacity.,港口等待和班期失准压缩有效运力,up,上行,medium,中,2,3,0,,,,,,,event_anomaly_no_policy_next20,历史关联记录；不可视为确定性预测或因果链条,https://www.maersk.com/news/articles/2024/04/19/capacity-adjustment-changes
EC_EVT_008,EC,2024-05-06,capacity_supply,运力供给,What the situation in the Red Sea means for your business,红海绕航使远东至欧洲航线运力估计损失15%至20%,Changes in deployed shipping capacity affect route supply and freight pricing.,航程延长吸收船舶运力并推高运价压力,up,上行,high,高,5,2,0,,,,,,,event_anomaly_no_policy_next20,历史关联记录；不可视为确定性预测或因果链条,https://www.maersk.com/news/articles/2024/05/06/what-the-situation-in-the-red-sea-means-for-your-business
EC_EVT_009,EC,2024-06-03,port_disruption,港口中断,Maersk upgrades full-year guidance,红海扰动扩大至亚洲和中东港口拥堵，Maersk上调全年业绩指引,Port congestion or labor disruption delays cargo flows and reduces effective capacity.,绕航与拥堵共同收紧运力并推升运价,up,上行,medium,中,1,1,0,,,,,,,event_anomaly_no_policy_next20,历史关联记录；不可视为确定性预测或因果链条,https://www.maersk.com/news/articles/2024/06/03/maersk-upgrades-full-year-guidance
EC_EVT_014,EC,2024-06-17,port_disruption,港口中断,Strike action in Bremerhaven and Hamburg,汉堡和不来梅港工人开始24小时罢工并可能造成后续拥堵,Port congestion or labor disruption delays cargo flows and reduces effective capacity.,码头停工扰乱靠泊与集疏运，降低班期可靠性,up,上行,medium,中,0,0,0,,,,,,,event_without_post10_anomaly,历史关联记录；不可视为确定性预测或因果链条,https://www.maersk.com/news/articles/2024/06/17/strike-action-in-bremerhaven-and-hamburg
EC_EVT_010,EC,2024-08-07,port_disruption,港口中断,Far East Asia to North Europe AE6 AE7 AE55 service,北欧港口异常拥堵促使AE6、AE7和AE55合并或取消部分挂港,Port congestion or labor disruption delays cargo flows and reduces effective capacity.,港口拥堵和网络调整降低班期可靠性,up,上行,medium,中,2,2,0,,,,,,,event_anomaly_no_policy_next20,历史关联记录；不可视为确定性预测或因果链条,https://www.maersk.com/news/articles/2024/08/07/far-east-asia-to-north-europe-ae6-ae7-ae55-service
EC_EVT_015,EC,2024-08-21,port_disruption,港口中断,Far East Asia to Med AE11 Service Port Change,亚洲和地中海港口等待时间延长，AE11更换挂港并增投一艘船,Port congestion or labor disruption delays cargo flows and reduces effective capacity.,拥堵触发网络调整且需要额外运力维持班期,up,上行,medium,中,1,1,0,,,,,,,event_anomaly_no_policy_next20,历史关联记录；不可视为确定性预测或因果链条,https://www.maersk.com/news/articles/2024/08/21/far-east-asia-to-med-ae11-service-port-change
EC_EVT_011,EC,2025-01-24,carrier_rerouting,船公司绕航,Red Sea / Gulf of Aden update,尽管红海停火，Maersk仍继续绕行好望角，Gemini网络自2月1日起按绕航方案启动,"Rerouting changes voyage distance, effective capacity use and freight costs.",停火未立即释放运力，绕航持续性得到确认,up,上行,medium,中,7,3,0,,,,,,,event_anomaly_no_policy_next20,历史关联记录；不可视为确定性预测或因果链条,https://www.maersk.com/news/articles/2025/01/24/red-sea-gulf-of-aden-update
EC_EVT_017,EC,2025-02-11,port_disruption,港口中断,Slow Operations at Hutchinson Port Delta II in Rotterdam,鹿特丹Hutchinson Port Delta II罢工后持续低速作业，码头装卸能力下降,Port congestion or labor disruption delays cargo flows and reduces effective capacity.,装卸效率下降延长船舶等待并扰乱班期,up,上行,medium,中,2,1,0,,,,,,,event_anomaly_no_policy_next20,历史关联记录；不可视为确定性预测或因果链条,https://www.maersk.com/news/articles/2025/02/11/slow-operations-at-hutchinson-port-delta-in-rotterdam
EC_EVT_018,EC,2025-04-17,port_disruption,港口中断,North Europe Port Update,安特卫普和不来梅港因罢工、网络切换、低水位及劳动力不足出现严重拥堵,Port congestion or labor disruption delays cargo flows and reduces effective capacity.,堆场密度与等待时间上升，扰乱船舶和驳船班期,up,上行,medium,中,2,1,0,,,,,,,event_anomaly_no_policy_next20,历史关联记录；不可视为确定性预测或因果链条,https://www.maersk.com/news/articles/2025/04/17/north-europe-port-update
EC_EVT_020,EC,2025-07-08,geopolitical_security,地缘安全,Secretary-General urges constructive dialogue amid renewed Red Sea attacks,红海在数月平静后重新发生针对Magic Seas和Eternity C等商船的袭击,"Security risk changes route availability, insurance and operating costs.",安全风险重新上升，强化绕航与运力约束预期,up,上行,high,高,4,3,0,,,,,,,event_anomaly_no_policy_next20,历史关联记录；不可视为确定性预测或因果链条,https://www.imo.org/en/mediacentre/pages/whatsnew-2285.aspx
EC_EVT_019,EC,2025-10-08,port_disruption,港口中断,Strike action of lashing companies in Rotterdam,鹿特丹各主要码头绑扎工罢工，船舶装卸显著受阻并形成积压,Port congestion or labor disruption delays cargo flows and reduces effective capacity.,关键港口停工造成靠泊延误和网络恢复成本,up,上行,high,高,3,1,0,,,,,,,event_anomaly_no_policy_next20,历史关联记录；不可视为确定性预测或因果链条,https://www.maersk.com/news/articles/2025/10/08/strike-action-of-lashing-companies-in-rotterdam
EC_EVT_012,EC,2025-11-26,carrier_rerouting,船公司绕航,Update on East-West Suez transits,Maersk表示尚无法确定Gemini网络恢复苏伊士运河通行的时间,"Rerouting changes voyage distance, effective capacity use and freight costs.",绕航期限不确定性维持有效运力约束,up,上行,medium,中,1,1,0,,,,,,,event_anomaly_no_policy_next20,历史关联记录；不可视为确定性预测或因果链条,https://www.maersk.com/news/articles/2025/11/26/update-on-east-west-suez-transits
EC_EVT_016,EC,2026-03-01,carrier_rerouting,船公司绕航,ME11 & MECL rerouted via Cape of Good Hope,中东安全局势恶化，ME11和MECL暂停苏伊士航行并重新绕行好望角,"Rerouting changes voyage distance, effective capacity use and freight costs.",航程重新延长并吸收有效运力,up,上行,medium,中,8,3,1,2.0,tightening,收紧,intraday opening-position limit,日内开仓限额,EC已上市合约日内开仓上限100→50手,event_anomaly_policy_observed,历史关联记录；不可视为确定性预测或因果链条,https://www.maersk.com/news/articles/2026/03/01/me11-mecl-rerouting-cape-of-good-hope-march
EC_EVT_013,EC,2026-07-09,carrier_rerouting,船公司绕航,Structural changes to MECL,Maersk宣布MECL服务结构性恢复经苏伊士运河航行,"Rerouting changes voyage distance, effective capacity use and freight costs.",航程缩短释放运力并降低运输成本预期,down,下行,medium,中,1,1,0,,,,,,,event_anomaly_no_policy_next20,历史关联记录；不可视为确定性预测或因果链条,https://www.maersk.com/news/articles/2026/07/09/structural-changes-to-mecl
SN_EVT_028,SN,2015-04-16,smelter_disruption,冶炼中断,China Tin announces shut down of its Ausmelt furnace,中国锡业集团Ausmelt炉开始为期一个月的计划检修,Smelter maintenance or curtailment changes refined-tin output.,国内精炼锡短期减产,up,上行,low,低,3,1,0,,,,,,,event_anomaly_no_policy_next20,历史关联记录；不可视为确定性预测或因果链条,https://www.internationaltin.org/china-tin-announces-shut-down-of-its-ausmelt-furnace/
SN_EVT_029,SN,2015-09-17,smelter_disruption,冶炼中断,China Tin shuts down Ausmelt furnace temporarily,中国锡业集团Ausmelt炉再次进行三周检修,Smelter maintenance or curtailment changes refined-tin output.,约束国内精炼锡短期供应,up,上行,low,低,1,1,0,,,,,,,event_anomaly_no_policy_next20,历史关联记录；不可视为确定性预测或因果链条,https://www.internationaltin.org/china-tin-shuts-down-ausmelt-furnace-temporarily/
SN_EVT_030,SN,2016-02-09,mine_supply,矿山供应,Regulation and flooding curb Indonesian tin operations,印尼邦加岛洪灾、离岸采矿暂停和冶炼厂审计共同压低1月出口,Mine suspension or restart changes expected concentrate availability.,矿山、冶炼和出口链条同时受阻,up,上行,medium,中,2,2,0,,,,,,,event_anomaly_no_policy_next20,历史关联记录；不可视为确定性预测或因果链条,https://www.internationaltin.org/regulation-and-flooding-curb-indonesian-tin-operations/
SN_EVT_011,SN,2016-04-06,indonesia_export,印度尼西亚出口,Another slow month for Indonesian exports,印尼3月锡出口同比下降61%，季风、审计和许可延误共同抑制出货,Export permits and shipment disruptions change international refined-tin supply.,主要出口国短期供应收紧,up,上行,high,高,0,0,0,,,,,,,event_without_post10_anomaly,历史关联记录；不可视为确定性预测或因果链条,https://www.internationaltin.org/another-slow-month-for-indonesian-exports-2/
SN_EVT_012,SN,2016-07-25,mine_supply,矿山供应,Myanmar tin exports fall slightly in June,缅甸南部两座小型锡矿暂停生产,Mine suspension or restart changes expected concentrate availability.,矿端供应小幅收缩,up,上行,low,低,0,0,0,,,,,,,event_without_post10_anomaly,历史关联记录；不可视为确定性预测或因果链条,https://www.internationaltin.org/myanmar-tin-exports-fall-slightly-in-june/
SN_EVT_031,SN,2016-07-29,smelter_disruption,冶炼中断,China's tin smelters cut production for environmental inspections,中国云南、广西和江西多数锡冶炼厂因环保检查停产或减产,Smelter maintenance or curtailment changes refined-tin output.,涉及约45%的全国精炼锡产量，形成短期供应收缩,up,上行,high,高,0,0,0,,,,,,,event_without_post10_anomaly,历史关联记录；不可视为确定性预测或因果链条,https://www.internationaltin.org/chinas-tin-smelters-cut-production-for-environmental-inspections/
SN_EVT_032,SN,2017-08-31,smelter_disruption,冶炼中断,YTC announces planned smelter maintenance,云南锡业个旧冶炼厂开始41天检修,Smelter maintenance or curtailment changes refined-tin output.,世界最大精炼锡生产商短期停产，估计影响5000吨,up,上行,medium,中,1,1,1,5.0,loosening,放松,trading fee,交易手续费,非1/5/9月合约交易手续费3→1元/手,event_anomaly_policy_observed,历史关联记录；不可视为确定性预测或因果链条,https://www.internationaltin.org/ytc-announces-planned-smelter-maintenance/
SN_EVT_033,SN,2017-11-24,smelter_disruption,冶炼中断,December maintenance shutdown at Yunnan Chengfeng,云南乘风计划12月停产检修一个月,Smelter maintenance or curtailment changes refined-tin output.,中国第二大精炼锡生产商短期减产,up,上行,low,低,0,0,0,,,,,,,event_without_post10_anomaly,历史关联记录；不可视为确定性预测或因果链条,https://www.internationaltin.org/december-maintenance-shutdown-at-yunnan-chengfeng/
SN_EVT_006,SN,2018-04-05,indonesia_export,印度尼西亚出口,Permit delays limit Q1 Indonesian exports,印尼一季度锡出口许可延误及政府部门暂停出口许可建议，影响大小生产商,Export permits and shipment disruptions change international refined-tin supply.,精炼锡出口受阻并形成境内库存积压，国际可用供应阶段性收紧,up,上行,medium,中,1,1,0,,,,,,,event_anomaly_no_policy_next20,历史关联记录；不可视为确定性预测或因果链条,https://www.internationaltin.org/export-license-issues-limit-indonesian-tin-exports-in-q1/
SN_EVT_013,SN,2018-08-16,mine_supply,矿山供应,Myanmar tin shipments drop to lower levels,缅甸锡矿发运量和入华矿石品位下降,Mine suspension or restart changes expected concentrate availability.,原料数量与品位同时下降，压缩冶炼可用供给,up,上行,medium,中,0,0,0,,,,,,,event_without_post10_anomaly,历史关联记录；不可视为确定性预测或因果链条,https://www.internationaltin.org/myanmar-tin-shipments-drop-to-lower-levels/
SN_EVT_014,SN,2018-11-09,smelter_disruption,冶炼中断,YTC's smelter maintenance,云南锡业计划自11月11日起进行最长50天冶炼检修，估计影响约9000吨产量,Smelter maintenance or curtailment changes refined-tin output.,国内精炼锡产量阶段性减少,up,上行,high,高,9,4,0,,,,,,,event_anomaly_no_policy_next20,历史关联记录；不可视为确定性预测或因果链条,https://www.internationaltin.org/ytcs-smelter-maintenance/
SN_EVT_015,SN,2018-11-28,smelter_disruption,冶炼中断,Chinese smelters cut Q4 production,原料短缺促使多家中国锡冶炼厂削减四季度产量,Smelter maintenance or curtailment changes refined-tin output.,精矿不足向精炼锡产量收缩传导,up,上行,medium,中,3,2,0,,,,,,,event_anomaly_no_policy_next20,历史关联记录；不可视为确定性预测或因果链条,https://www.internationaltin.org/chinese-smelters-cut-q4-production/
SN_EVT_007,SN,2019-03-04,indonesia_export,印度尼西亚出口,ICDX launches new physical tin contract,ICDX推出新的实物锡合约以缓解2018年10月以来验证中断造成的出口障碍,Export permits and shipment disruptions change international refined-tin supply.,新的仓储与验证安排可能释放积压出口并缓解供应约束,down,下行,medium,中,1,1,0,,,,,,,event_anomaly_no_policy_next20,历史关联记录；不可视为确定性预测或因果链条,https://www.internationaltin.org/icdx-launches-new-physical-tin-contract/
SN_EVT_034,SN,2019-09-05,smelter_disruption,冶炼中断,Tight concentrate market and reduced profit margins lead to cuts in Chinese tin production,精矿紧张和利润下滑促使14家中国冶炼厂同意削减约2万吨产量,Smelter maintenance or curtailment changes refined-tin output.,集中减产收紧国内精炼锡供应,up,上行,medium,中,3,2,0,,,,,,,event_anomaly_no_policy_next20,历史关联记录；不可视为确定性预测或因果链条,https://www.internationaltin.org/tight-concentrate-market-and-reduced-profit-margins-lead-to-cuts-in-chinese-tin-production/
SN_EVT_035,SN,2019-10-17,smelter_disruption,冶炼中断,YTC announce smelter maintenance,云南锡业宣布Ausmelt冶炼炉自10月21日起检修不超过50天,Smelter maintenance or curtailment changes refined-tin output.,大型冶炼厂停产强化既有减产预期,up,上行,medium,中,0,0,0,,,,,,,event_without_post10_anomaly,历史关联记录；不可视为确定性预测或因果链条,https://www.internationaltin.org/ytc-announce-smelter-maintenance/
SN_EVT_016,SN,2020-03-26,smelter_disruption,冶炼中断,China refined imports up eight-fold,新冠疫情使中国多数精炼锡生产一度停顿，缅甸矿山复工亦缓慢,Smelter maintenance or curtailment changes refined-tin output.,矿端和冶炼端同步受阻,up,上行,high,高,0,0,0,,,,,,,event_without_post10_anomaly,历史关联记录；不可视为确定性预测或因果链条,https://www.internationaltin.org/china-refined-imports-up-eight-fold/
SN_EVT_017,SN,2020-07-30,mine_supply,矿山供应,Baiyinchagan restart scheduled,白音查干矿山停产17个月后获批重启,Mine suspension or restart changes expected concentrate availability.,新增矿石供应缓解原料紧张预期,down,下行,medium,中,0,0,0,,,,,,,event_without_post10_anomaly,历史关联记录；不可视为确定性预测或因果链条,https://www.internationaltin.org/baiyinchagan-restart-scheduled/
SN_EVT_018,SN,2020-09-30,mine_supply,矿山供应,China trade August 2020,缅甸主要锡矿区洪水导致超过半数矿山受淹，对华进口下降,Mine suspension or restart changes expected concentrate availability.,洪灾中断矿端生产与跨境供应,up,上行,high,高,1,1,1,11.0,loosening,放松,margin and price limit,保证金与涨跌停板,保证金10%→8%；涨跌停板8%→6%,event_anomaly_policy_observed,历史关联记录；不可视为确定性预测或因果链条,https://www.internationaltin.org/china-trade-august-2020/
SN_EVT_019,SN,2021-03-23,mine_supply,矿山供应,China imports Jan-Feb 2021,疫情、春节、缅甸政治动荡和边境关闭共同压低对华锡矿发运,Mine suspension or restart changes expected concentrate availability.,跨境物流与矿山生产不确定性上升,up,上行,high,高,2,1,0,,,,,,,event_anomaly_no_policy_next20,历史关联记录；不可视为确定性预测或因果链条,https://www.internationaltin.org/china-imports-jan-feb-2021/
SN_EVT_036,SN,2021-04-01,smelter_disruption,冶炼中断,China smelters halt production,个旧中小冶炼厂因环保检查可能停产，其他地区亦因检修和原料不足停产,Smelter maintenance or curtailment changes refined-tin output.,多地精炼锡产量短期减少,up,上行,low,低,0,0,0,,,,,,,event_without_post10_anomaly,历史关联记录；不可视为确定性预测或因果链条,https://www.internationaltin.org/china-smelters-halt-production/
SN_EVT_037,SN,2021-09-27,demand_disruption,需求扰动,Tin consumption restricted by China power limits,中国多地限电使焊料、锡化工及下游企业大面积停产或限产,Demand conditions affect expected tin consumption and inventory pressure.,锡消费端收缩可能缓解现货紧张,down,下行,high,高,3,1,3,5.0,tightening,收紧,trading fee,交易手续费,SN2111日内平今3→24元/手,event_anomaly_policy_observed,历史关联记录；不可视为确定性预测或因果链条,https://www.internationaltin.org/tin-consumption-restricted-by-china-power-limits/
SN_EVT_020,SN,2022-03-01,mine_supply,矿山供应,COVID outbreak disrupts Chinese smelters' tin supply,邦康疫情封控且孟连口岸停止货车通行，扰乱中国冶炼厂锡精矿供应,Mine suspension or restart changes expected concentrate availability.,边境封控直接切断短期原料物流,up,上行,high,高,4,3,1,7.0,tightening,收紧,trading fee,交易手续费,SN2204/05/06/07日内平今由通用3元基准调至60元/手,event_anomaly_policy_observed,历史关联记录；不可视为确定性预测或因果链条,https://www.internationaltin.org/covid-outbreak-disrupts-chinese-smelters-tin-supply/
SN_EVT_008,SN,2022-05-20,indonesia_export,印度尼西亚出口,Indonesian government to review export licenses,印尼政府计划在6月复核锡冶炼商出口许可和年度工作计划,Export permits and shipment disruptions change international refined-tin supply.,许可撤销或配额调整预期可能造成阶段性出口不确定性,up,上行,low,低,1,1,0,,,,,,,event_anomaly_no_policy_next20,历史关联记录；不可视为确定性预测或因果链条,https://www.internationaltin.org/indonesian-government-to-review-export-licenses/
SN_EVT_021,SN,2022-05-20,mine_supply,矿山供应,Myanmar exports drop on major port closure,报道确认孟连主要口岸曾于4月8日至5月10日关闭并压低缅甸对华出口,Mine suspension or restart changes expected concentrate availability.,口岸关闭减少跨境矿石流量,up,上行,high,高,1,1,0,,,,,,,event_anomaly_no_policy_next20,历史关联记录；不可视为确定性预测或因果链条,https://www.internationaltin.org/myanmar-exports-drop-on-major-port-closure/
SN_EVT_022,SN,2022-07-21,smelter_disruption,冶炼中断,Refined imports fall on quiet Chinese market,需求疲弱和价格下跌促使中国多数冶炼厂在6月至7月停产检修,Smelter maintenance or curtailment changes refined-tin output.,精炼产量收缩但需求因素可能反向作用于价格,mixed,混合,high,高,0,0,0,,,,,,,event_without_post10_anomaly,历史关联记录；不可视为确定性预测或因果链条,https://www.internationaltin.org/refined-imports-fall-on-quiet-chinese-market/
SN_EVT_001,SN,2023-04-17,myanmar_policy,缅甸/佤邦政策,Myanmar’s Wa State announces tin mining suspension from August,国际锡业协会披露佤邦计划自2023年8月1日起暂停全部采矿活动,Mining and tax policy changes alter expected ore supply from Myanmar/Wa State.,市场提前计入未来锡精矿供应收缩,up,上行,high,高,2,3,1,8.0,tightening,收紧,trading fee,交易手续费,SN2306/07日内平今由通用3元基准调至21元/手,event_anomaly_policy_observed,历史关联记录；不可视为确定性预测或因果链条,https://www.internationaltin.org/myanmars-wa-state-announces-tin-mining-suspension-from-august/
SN_EVT_002,SN,2023-08-01,mine_supply,矿山供应,Wa State Reveals Further Details on Mining Suspension,佤邦采矿禁令正式生效且采矿活动停止,Mine suspension or restart changes expected concentrate availability.,中国进口锡精矿的重要来源发生实际供应中断,up,上行,high,高,1,2,1,0.0,tightening,收紧,trading fee,交易手续费,SN2308/09日内平今由通用3元基准调至21元/手,event_anomaly_policy_observed,历史关联记录；不可视为确定性预测或因果链条,https://www.internationaltin.org/wa-state-reveals-further-details-on-mining-suspension/
SN_EVT_003,SN,2023-12-28,myanmar_policy,缅甸/佤邦政策,Partial resumption of mining in Wa State excluding tin,佤邦宣布多数矿种可恢复但主要锡产区Man Maw仍被排除,Mining and tax policy changes alter expected ore supply from Myanmar/Wa State.,锡矿核心供应恢复继续延后,up,上行,high,高,0,0,0,,,,,,,event_without_post10_anomaly,历史关联记录；不可视为确定性预测或因果链条,https://www.internationaltin.org/partial-resumption-of-mining-in-wa-state/
SN_EVT_009,SN,2024-02-27,indonesia_export,印度尼西亚出口,Growing concern over Indonesian output amid licensing delays,印尼2024年新三年期RKAB许可审批延迟且1月精炼锡出口同比下降99%,Export permits and shipment disruptions change international refined-tin supply.,主要出口国供应骤降并提高高纯锡现货紧张程度,up,上行,high,高,0,0,0,,,,,,,event_without_post10_anomaly,历史关联记录；不可视为确定性预测或因果链条,https://www.internationaltin.org/growing-concern-over-indonesian-output-amid-licensing-delays/
SN_EVT_010,SN,2024-02-28,myanmar_policy,缅甸/佤邦政策,Wa State authorities amend tax policy but no move to end the mining suspension,佤邦将锡精矿出口统一改为30%实物税且Man Maw主要锡矿区继续停采,Mining and tax policy changes alter expected ore supply from Myanmar/Wa State.,税制和持续停矿共同约束对华锡精矿供应,up,上行,high,高,0,0,0,,,,,,,event_without_post10_anomaly,历史关联记录；不可视为确定性预测或因果链条,https://www.internationaltin.org/wa-state-authorities-amend-tax-policy-but-no-move-to-end-the-mining-suspension/
SN_EVT_004,SN,2024-03-14,indonesia_export,印度尼西亚出口,Trading resumes in Indonesia,国际锡业协会报告印尼主要冶炼商恢复出口但1至2月出口仍同比下降98%以上且许可继续延迟,Export permits and shipment disruptions change international refined-tin supply.,出口恢复提供部分供应但低出口量仍显示明显约束,mixed,混合,high,高,4,1,0,,,,,,,event_anomaly_no_policy_next20,历史关联记录；不可视为确定性预测或因果链条,https://www.internationaltin.org/trading-resumes-in-indonesia/
SN_EVT_005,SN,2024-07-25,indonesia_export,印度尼西亚出口,Slow but steady progress on Indonesian exports,印尼2024年上半年精炼锡出口不足上年同期一半且许可延迟和调查继续影响供应,Export permits and shipment disruptions change international refined-tin supply.,持续出口受限压缩国际精炼锡可用供应,up,上行,medium,中,3,1,0,,,,,,,event_anomaly_no_policy_next20,历史关联记录；不可视为确定性预测或因果链条,https://www.internationaltin.org/slow-but-steady-progress-on-indonesian-exports/
SN_EVT_023,SN,2024-08-23,smelter_disruption,冶炼中断,Yunnan Tin announces annual maintenance at Gejiu smelter,云南锡业个旧冶炼厂宣布自8月25日起年度检修最长45天,Smelter maintenance or curtailment changes refined-tin output.,国内精炼锡月度产量阶段性下降,up,上行,low,低,0,0,0,,,,,,,event_without_post10_anomaly,历史关联记录；不可视为确定性预测或因果链条,https://www.internationaltin.org/yunnan-tin-announces-annual-maintenance-at-gejiu-smelter/
SN_EVT_038,SN,2025-03-13,mine_supply,矿山供应,Alphamin suspends mining operations at Bisie,武装团体向刚果（金）Bisie锡矿方向推进，Alphamin暂停生产并撤离人员,Mine suspension or restart changes expected concentrate availability.,占全球矿产锡约6%的矿山停产,up,上行,high,高,2,4,0,,,,,,,event_anomaly_no_policy_next20,历史关联记录；不可视为确定性预测或因果链条,https://www.internationaltin.org/alphamin-suspends-mining-operations-at-bisie/
SN_EVT_024,SN,2025-03-25,mine_supply,矿山供应,Wa authorities to lift mining ban in Myanmar,佤邦拟立即解除持续19个月的采矿禁令并建立新许可制度,Mine suspension or restart changes expected concentrate availability.,矿山重启预期缓解锡精矿供应紧张,down,下行,high,高,7,3,0,,,,,,,event_anomaly_no_policy_next20,历史关联记录；不可视为确定性预测或因果链条,https://www.internationaltin.org/wa-authorities-to-lift-mining-ban-in-myanmar/
SN_EVT_039,SN,2025-04-09,mine_supply,矿山供应,Alphamin to restart mining at Bisie,安全风险缓解后Alphamin宣布Bisie锡矿分阶段复产,Mine suspension or restart changes expected concentrate availability.,全球主要矿山恢复供应，缓解精矿紧张,down,下行,high,高,2,3,0,,,,,,,event_anomaly_no_policy_next20,历史关联记录；不可视为确定性预测或因果链条,https://www.internationaltin.org/alphamin-to-restart-mining-at-bisie/
SN_EVT_025,SN,2025-04-24,mine_supply,矿山供应,Wa renews push for mining restart at Man Maw,佤邦正式发布Man Maw矿山新许可流程及收费安排,Mine suspension or restart changes expected concentrate availability.,重启路径更清晰但较高费用延缓小矿恢复,mixed,混合,medium,中,2,1,0,,,,,,,event_anomaly_no_policy_next20,历史关联记录；不可视为确定性预测或因果链条,https://www.internationaltin.org/wa-renews-push-for-mining-restart-at-man-maw/
SN_EVT_026,SN,2025-05-22,indonesia_export,印度尼西亚出口,Indonesia supply disruption fades as investigation concludes,印尼调查趋于结束，精炼锡出口恢复常态，前四月累计出口同比显著回升,Export permits and shipment disruptions change international refined-tin supply.,出口恢复增加国际精炼锡供应,down,下行,medium,中,1,1,0,,,,,,,event_anomaly_no_policy_next20,历史关联记录；不可视为确定性预测或因果链条,https://www.internationaltin.org/indonesia-supply-disruption-fades-as-investigation-concludes/
SN_EVT_027,SN,2026-03-03,mine_supply,矿山供应,Wa formalises dewatering cost-sharing as mine restart progresses,佤邦明确Man Maw深部矿井排水成本分担机制，推进高品位矿区逐步复产,Mine suspension or restart changes expected concentrate availability.,排水和复产进展提高未来精矿供应预期,down,下行,medium,中,1,2,0,,,,,,,event_anomaly_no_policy_next20,历史关联记录；不可视为确定性预测或因果链条,https://www.internationaltin.org/wa-formalises-dewatering-cost-sharing-as-mine-restart-progresses/
