policy_cluster_id,product,policy_date,policy_direction_en,公告方向_cn,policy_type_en,公告类型_cn,official_notice_title_cn,policy_summary_en,参数调整_cn,pre10_market_anomaly_en,前10日市场异常_cn,pre10_max_anomaly_count,candidate_event_count_pre20,candidate_event_ids_pre20,candidate_event_en,候选现实事件_cn,candidate_event_dates_pre20,post20_abs_return_change,post20_intraday_range_change,post20_log_volume_change,post20_open_interest_change,backward_status_en,结论边界_cn,official_notice_url
EC_2023-09-11,EC,2023-09-11,tightening,收紧,trading fee,交易手续费,上海国际能源交易中心发布关于调整集运指数（欧线）期货交易...,Tightening adjustment to trading fee.,交易手续费0.1‱→0.5‱；日内平今0→0.5‱,no,否,0,0,,,,,0.0051480224788085,-0.0036256200569093,-0.118165193676198,0.0153970267538708,policy_without_pre10_anomaly,候选关联，不是对具体现实事件的因果识别,https://www.shfe.com.cn/publicnotice/notice/202309/t20230907_800754.html
EC_2023-10-19,EC,2023-10-19,tightening,收紧,trading fee,交易手续费,上海国际能源交易中心发布关于调整集运指数（欧线）期货相关...,Tightening adjustment to trading fee.,EC2404交易手续费0.5‱→1‱；EC2404/06/08/10/12日内平今0.5‱→1‱,yes,是,1,0,,,,,-0.016615568797692,-0.0220007955038039,-0.501156161134789,-0.0330046677480976,anomaly_policy_no_event_pre20,候选关联，不是对具体现实事件的因果识别,https://www.shfe.com.cn/publicnotice/notice/202310/t20231017_800873.html
EC_2023-10-26,EC,2023-10-26,tightening,收紧,trading fee | intraday opening-position limit,交易手续费 | 日内开仓限额,上海国际能源交易中心发布关于调整集运指数（欧线）期货相关... | 上海国际能源交易中心发布关于调整集运指数（欧线）相关合约...,Tightening adjustment to trading fee | intraday opening-position limit.,EC2404交易手续费1‱→2‱；EC2404/06/08/10/12日内平今1‱→2‱ || EC2404日内开仓上限1000→500手,yes,是,1,0,,,,,-0.0065515057132731,-0.0255639774740812,-0.9714607788836817,-0.0113598249911344,anomaly_policy_no_event_pre20,候选关联，不是对具体现实事件的因果识别,https://www.shfe.com.cn/publicnotice/notice/202310/t20231024_800897.html | https://www.shfe.com.cn/publicnotice/notice/202310/t20231024_800898.html
EC_2023-12-22,EC,2023-12-22,tightening,收紧,trading fee | margin and price limit,交易手续费 | 保证金与涨跌停板,上海国际能源交易中心发布关于调整集运指数（欧线）期货相关... | 上海国际能源交易中心发布关于调整集运指数（欧线）期货部分...,Tightening adjustment to trading fee | margin and price limit.,EC2404/06/08/10/12日内平今2‱→4‱ || EC2404/06保证金12%→14%；涨跌停板10%→12%,yes,是,2,2,EC_EVT_002|EC_EVT_001,Announcement of charges in relation to Red Sea / Gulf of Aden situation | Maersk Operations through Red Sea / Gulf of Aden,Maersk确认此前暂停船舶将绕行好望角且后续服务继续接受安全评估 || Maersk宣布因红海南部和亚丁湾安全局势暂停所有拟通过曼德海峡的船舶航行,2023-12-19|2023-12-15,0.0334921979275928,0.0713253191898111,-1.09256338210783,-0.1426097594503104,event_anomaly_policy_chain,候选关联，不是对具体现实事件的因果识别,https://www.shfe.com.cn/publicnotice/notice/202312/t20231220_801130.html | https://www.shfe.com.cn/publicnotice/notice/202312/t20231220_801131.html
EC_2023-12-25,EC,2023-12-25,tightening,收紧,trading fee | intraday opening-position limit,交易手续费 | 日内开仓限额,上海国际能源交易中心发布关于调整集运指数（欧线）期货相关... | 上海国际能源交易中心发布关于调整集运指数（欧线）期货相关...,Tightening adjustment to trading fee | intraday opening-position limit.,EC2404上限500→200手；EC2406/08/10/12上限1000→500手 || EC2404/06/08/10/12交易手续费2‱→6‱；日内平今4‱→12‱,yes,是,2,3,EC_EVT_003|EC_EVT_002|EC_EVT_001,Maersk Operations through Red Sea / Gulf of Aden | Announcement of charges in relation to Red Sea / Gulf of Aden situation | Maersk Operations through Red Sea / Gulf of Aden,Maersk宣布在多国安全行动部署后准备恢复红海和苏伊士运河通行 || Maersk确认此前暂停船舶将绕行好望角且后续服务继续接受安全评估 || Maersk宣布因红海南部和亚丁湾安全局势暂停所有拟通过曼德海峡的船舶航行,2023-12-24|2023-12-19|2023-12-15,0.0249763636902641,0.0663682803385356,-1.1820756815907263,-0.1373738408583815,event_anomaly_policy_chain,候选关联，不是对具体现实事件的因果识别,https://www.shfe.com.cn/publicnotice/notice/202312/t20231222_801143.html | https://www.shfe.com.cn/publicnotice/notice/202312/t20231222_801144.html
EC_2023-12-26,EC,2023-12-26,tightening,收紧,intraday opening-position limit,日内开仓限额,上海国际能源交易中心发布关于调整集运指数（欧线）期货相关...,Tightening adjustment to intraday opening-position limit.,EC2406上限500→200手,yes,是,2,3,EC_EVT_003|EC_EVT_002|EC_EVT_001,Maersk Operations through Red Sea / Gulf of Aden | Announcement of charges in relation to Red Sea / Gulf of Aden situation | Maersk Operations through Red Sea / Gulf of Aden,Maersk宣布在多国安全行动部署后准备恢复红海和苏伊士运河通行 || Maersk确认此前暂停船舶将绕行好望角且后续服务继续接受安全评估 || Maersk宣布因红海南部和亚丁湾安全局势暂停所有拟通过曼德海峡的船舶航行,2023-12-24|2023-12-19|2023-12-15,0.0199315843652249,0.0440635732143025,-1.3815621186406126,-0.0756475987704007,event_anomaly_policy_chain,候选关联，不是对具体现实事件的因果识别,https://www.shfe.com.cn/publicnotice/notice/202312/t20231225_801152.html
EC_2023-12-28,EC,2023-12-28,tightening,收紧,intraday opening-position limit,日内开仓限额,上海国际能源交易中心发布关于调整集运指数（欧线）期货相关...,Tightening adjustment to intraday opening-position limit.,EC2404/06上限200→50手；EC2408/10/12上限500→100手,yes,是,2,3,EC_EVT_003|EC_EVT_002|EC_EVT_001,Maersk Operations through Red Sea / Gulf of Aden | Announcement of charges in relation to Red Sea / Gulf of Aden situation | Maersk Operations through Red Sea / Gulf of Aden,Maersk宣布在多国安全行动部署后准备恢复红海和苏伊士运河通行 || Maersk确认此前暂停船舶将绕行好望角且后续服务继续接受安全评估 || Maersk宣布因红海南部和亚丁湾安全局势暂停所有拟通过曼德海峡的船舶航行,2023-12-24|2023-12-19|2023-12-15,-0.016564186397787,0.0195677943740873,-1.6519895964155662,-0.0570976071331336,event_anomaly_policy_chain,候选关联，不是对具体现实事件的因果识别,https://www.shfe.com.cn/publicnotice/notice/202312/t20231227_801172.html
EC_2024-01-04,EC,2024-01-04,tightening,收紧,intraday opening-position limit,日内开仓限额,上海国际能源交易中心发布关于调整集运指数（欧线）期货相关...,Tightening adjustment to intraday opening-position limit.,EC2408/10/12上限100→50手,yes,是,2,4,EC_EVT_004|EC_EVT_003|EC_EVT_002|EC_EVT_001,Maersk Operations through Red Sea / Gulf of Aden | Maersk Operations through Red Sea / Gulf of Aden | Announcement of charges in relation to Red Sea / Gulf of Aden situation | Maersk Operations through Red Sea / Gulf of Aden,Maersk Hangzhou遇袭后集团再次暂停所有红海和亚丁湾通行至至少2024年1月2日 || Maersk宣布在多国安全行动部署后准备恢复红海和苏伊士运河通行 || Maersk确认此前暂停船舶将绕行好望角且后续服务继续接受安全评估 || Maersk宣布因红海南部和亚丁湾安全局势暂停所有拟通过曼德海峡的船舶航行,2023-12-31|2023-12-24|2023-12-19|2023-12-15,-0.0606472826530607,-0.0099949657212896,-1.48774374222622,0.0320898913410952,event_anomaly_policy_chain,候选关联，不是对具体现实事件的因果识别,https://www.shfe.com.cn/publicnotice/notice/202401/t20240103_801209.html
EC_2024-03-20,EC,2024-03-20,loosening,放松,intraday opening-position limit,日内开仓限额,上海国际能源交易中心发布关于调整集运指数（欧线）期货相关...,Loosening adjustment to intraday opening-position limit.,EC2406/08/10/12及EC2502日内开仓上限调至100手（主要由50→100手）,no,否,0,0,,,,,0.0079947059625651,0.0179463938638188,0.7703105199922202,0.0408396084159958,policy_without_pre10_anomaly,候选关联，不是对具体现实事件的因果识别,https://www.shfe.com.cn/publicnotice/notice/202403/t20240318_801471.html
EC_2024-03-21,EC,2024-03-21,tightening,收紧,margin and price limit,保证金与涨跌停板,上海国际能源交易中心发布关于调整集运指数（欧线）期货部分...,Tightening adjustment to margin and price limit.,EC2406/08/10/12保证金调至18%、涨跌停板调至16%,no,否,0,0,,,,,0.010684440355904,0.0209883487317591,0.8489572877897213,0.0404536709416353,policy_without_pre10_anomaly,候选关联，不是对具体现实事件的因果识别,https://www.shfe.com.cn/publicnotice/notice/202403/t20240318_801470.html
EC_2026-01-05,EC,2026-01-05,loosening,放松,routine fee relief,例行手续费减免,上海国际能源交易中心发布关于减免交割手续费等相关费用的通知,Loosening adjustment to routine fee relief.,EC相关套保交易手续费减半；标准仓单作为保证金手续费免收,yes,是,3,0,,,,,0.0043473630495013,0.0060404443796217,0.0133262277379362,0.0441936420313343,anomaly_policy_no_event_pre20,候选关联，不是对具体现实事件的因果识别,https://www.shfe.com.cn/publicnotice/notice/202512/t20251222_829852.html
EC_2026-03-04,EC,2026-03-04,tightening,收紧,intraday opening-position limit,日内开仓限额,上海国际能源交易中心发布关于调整原油等期货相关合约交易限...,Tightening adjustment to intraday opening-position limit.,EC已上市合约日内开仓上限100→50手,yes,是,3,1,EC_EVT_016,ME11 & MECL rerouted via Cape of Good Hope,中东安全局势恶化，ME11和MECL暂停苏伊士航行并重新绕行好望角,2026-03-01,0.0115473939847445,0.0421080531321977,0.1176932252122693,-0.080694365728256,event_anomaly_policy_chain,候选关联，不是对具体现实事件的因果识别,https://www.shfe.com.cn/publicnotice/notice/202603/t20260303_830541.html
SN_2015-09-02,SN,2015-09-02,mixed,混合,temporary holiday margin and price limit,节假日临时保证金与涨跌停板,关于做好中国人民抗日战争暨世界反法西斯战争胜利70周年纪念...,Mixed adjustment to temporary holiday margin and price limit.,保证金5%→6%、涨跌幅4%→5%，节后恢复,yes,是,2,0,,,,,-0.0047892427532758,-0.0048771977250224,-0.5687492979111006,0.0712251747488999,anomaly_policy_no_event_pre20,候选关联，不是对具体现实事件的因果识别,https://www.shfe.com.cn/publicnotice/notice/201508/t20150825_791122.html
SN_2016-11-14,SN,2016-11-14,tightening,收紧,margin and price limit,保证金与涨跌停板,关于调整铝、铅、锌和锡交易保证金标准和涨跌幅度限制的通知,Tightening adjustment to margin and price limit.,保证金6%→8%；涨跌幅5%→6%,yes,是,3,0,,,,,-0.0036975107506377,0.0018984082007158,-0.3057290299144704,-0.0201308833178721,anomaly_policy_no_event_pre20,候选关联，不是对具体现实事件的因果识别,https://www.shfe.com.cn/publicnotice/notice/201611/t20161110_791960.html
SN_2017-09-07,SN,2017-09-07,loosening,放松,trading fee,交易手续费,关于调整镍、锡品种相关合约交易手续费的通知,Loosening adjustment to trading fee.,非1/5/9月合约交易手续费3→1元/手,yes,是,1,1,SN_EVT_032,YTC announces planned smelter maintenance,云南锡业个旧冶炼厂开始41天检修,2017-08-31,0.000843955192786,0.0011063216168733,0.1760801118192869,-0.0135340611751079,event_anomaly_policy_chain,候选关联，不是对具体现实事件的因果识别,https://www.shfe.com.cn/publicnotice/notice/201709/t20170904_792581.html
SN_2020-10-23,SN,2020-10-23,loosening,放松,margin and price limit,保证金与涨跌停板,关于调整铜等期货交易保证金比例和涨跌停板幅度的通知,Loosening adjustment to margin and price limit.,保证金10%→8%；涨跌停板8%→6%,yes,是,1,1,SN_EVT_018,China trade August 2020,缅甸主要锡矿区洪水导致超过半数矿山受淹，对华进口下降,2020-09-30,0.0010357848600797,0.0023772531915283,0.0053389136937287,0.0240507344582536,event_anomaly_policy_chain,候选关联，不是对具体现实事件的因果识别,https://www.shfe.com.cn/publicnotice/notice/202010/t20201020_796563.html
SN_2021-03-02,SN,2021-03-02,mixed,混合,trading fee | margin and price limit,交易手续费 | 保证金与涨跌停板,关于调整铜、锡期货交易保证金比例和涨跌停板幅度的通知 | 关于调整铜、锡期货相关合约交易手续费的通知,Mixed adjustment to trading fee | margin and price limit.,保证金8%→9%；涨跌停板6%→7% || 1/5/9月日内平今调至3元/手；其他月份调至1元/手,yes,是,3,0,,,,,-0.0155924620136468,-0.0137387397170877,-0.1078944541671358,0.0101962856110644,anomaly_policy_no_event_pre20,候选关联，不是对具体现实事件的因果识别,https://www.shfe.com.cn/publicnotice/notice/202102/t20210226_797110.html | https://www.shfe.com.cn/publicnotice/notice/202102/t20210226_797112.html
SN_2021-03-08,SN,2021-03-08,tightening,收紧,trading fee,交易手续费,关于调整锡期货相关合约交易手续费的通知,Tightening adjustment to trading fee.,非1/5/9月交易及日内平今手续费1→3元/手,yes,是,3,0,,,,,-0.0146123767323338,-0.0153454850350093,-0.0044505572683295,0.0517142959395891,anomaly_policy_no_event_pre20,候选关联，不是对具体现实事件的因果识别,https://www.shfe.com.cn/publicnotice/notice/202103/t20210304_797129.html
SN_2021-06-03,SN,2021-06-03,tightening,收紧,trading fee,交易手续费,关于调整螺纹钢期货等品种相关合约交易手续费的通知,Tightening adjustment to trading fee.,SN2107/2108日内平今3→6元/手,yes,是,3,0,,,,,-0.0033131059427879,-0.0054039224019316,-0.2681266401789415,0.0192444932331813,anomaly_policy_no_event_pre20,候选关联，不是对具体现实事件的因果识别,https://www.shfe.com.cn/publicnotice/notice/202105/t20210531_797385.html
SN_2021-10-11,SN,2021-10-11,tightening,收紧,trading fee,交易手续费,关于调整锡期货品种相关合约交易手续费的通知,Tightening adjustment to trading fee.,SN2111日内平今3→24元/手,yes,是,2,1,SN_EVT_037,Tin consumption restricted by China power limits,中国多地限电使焊料、锡化工及下游企业大面积停产或限产,2021-09-27,-0.0060504408385963,-0.0005958858389852,0.1959331230700947,0.0238987640621148,event_anomaly_policy_chain,候选关联，不是对具体现实事件的因果识别,https://www.shfe.com.cn/publicnotice/notice/202109/t20210930_797939.html
SN_2021-10-26,SN,2021-10-26,tightening,收紧,trading fee,交易手续费,关于调整锡期货等品种相关合约交易手续费的通知,Tightening adjustment to trading fee.,SN2111日内平今24→30元/手；SN2112调至30元/手,yes,是,1,1,SN_EVT_037,Tin consumption restricted by China power limits,中国多地限电使焊料、锡化工及下游企业大面积停产或限产,2021-09-27,-0.0013470935766998,-0.008339536378574,0.0474471047971949,0.0168293417643295,event_anomaly_policy_chain,候选关联，不是对具体现实事件的因果识别,https://www.shfe.com.cn/publicnotice/notice/202110/t20211022_797995.html
SN_2021-10-29,SN,2021-10-29,tightening,收紧,trading fee,交易手续费,关于调整不锈钢期货等品种相关合约交易手续费的通知,Tightening adjustment to trading fee.,SN2111/2112日内平今30→45元/手,yes,是,3,1,SN_EVT_037,Tin consumption restricted by China power limits,中国多地限电使焊料、锡化工及下游企业大面积停产或限产,2021-09-27,-0.0075822527306951,-0.0138258589823993,-0.2176591285549207,-0.0294912637427839,event_anomaly_policy_chain,候选关联，不是对具体现实事件的因果识别,https://www.shfe.com.cn/publicnotice/notice/202110/t20211027_798010.html
SN_2021-11-08,SN,2021-11-08,tightening,收紧,trading fee,交易手续费,关于调整燃料油期货等品种相关合约交易手续费的通知,Tightening adjustment to trading fee.,SN2111/2112日内平今45→60元/手；SN2201调至60元/手,yes,是,3,0,,,,,-0.0071497648937826,-0.0175445473538542,-0.7021139548171718,-0.0447551547796637,anomaly_policy_no_event_pre20,候选关联，不是对具体现实事件的因果识别,https://www.shfe.com.cn/publicnotice/notice/202111/t20211104_798045.html
SN_2022-01-17,SN,2022-01-17,tightening,收紧,trading fee,交易手续费,关于调整锡期货品种相关合约交易手续费的通知,Tightening adjustment to trading fee.,SN2202日内平今由通用3元基准调至60元/手,yes,是,3,0,,,,,0.0040589147865541,0.0039012205126498,-0.2003045207830194,0.0148224704978041,anomaly_policy_no_event_pre20,候选关联，不是对具体现实事件的因果识别,https://www.shfe.com.cn/publicnotice/notice/202201/t20220113_798418.html
SN_2022-01-27,SN,2022-01-27,tightening,收紧,trading fee,交易手续费,关于调整镍期货等品种相关合约交易手续费的通知,Tightening adjustment to trading fee.,SN2203日内平今由通用3元基准调至60元/手,yes,是,2,0,,,,,-0.0079959822080918,-0.0086556523076992,-0.6384655930414187,0.0242497729206131,anomaly_policy_no_event_pre20,候选关联，不是对具体现实事件的因果识别,https://www.shfe.com.cn/publicnotice/notice/202201/t20220124_798460.html
SN_2022-03-10,SN,2022-03-10,tightening,收紧,trading fee,交易手续费,关于调整镍期货等品种相关合约交易手续费的通知,Tightening adjustment to trading fee.,SN2204/05/06/07日内平今由通用3元基准调至60元/手,yes,是,3,1,SN_EVT_020,COVID outbreak disrupts Chinese smelters' tin supply,邦康疫情封控且孟连口岸停止货车通行，扰乱中国冶炼厂锡精矿供应,2022-03-01,0.0035716102958725,-0.010809037704402,-0.5728557170528568,-0.0221451864780394,event_anomaly_policy_chain,候选关联，不是对具体现实事件的因果识别,https://www.shfe.com.cn/publicnotice/notice/202203/t20220308_798594.html
SN_2022-06-27,SN,2022-06-27,tightening,收紧,trading fee,交易手续费,关于调整锡期货品种相关合约交易手续费的通知,Tightening adjustment to trading fee.,SN2208日内平今由通用3元基准调至60元/手,yes,是,3,0,,,,,-0.0086641864738556,0.0072957288707087,0.2031447612377093,0.0120642334613966,anomaly_policy_no_event_pre20,候选关联，不是对具体现实事件的因果识别,https://www.shfe.com.cn/publicnotice/notice/202206/t20220623_798856.html
SN_2022-07-01,SN,2022-07-01,tightening,收紧,trading fee,交易手续费,关于调整锡期货品种相关合约交易手续费的通知,Tightening adjustment to trading fee.,SN2207/08日内平今60→90元/手；SN2209由通用3元调至90元/手,yes,是,3,0,,,,,-0.0128950131242229,-0.011685203825645,-0.0564396761295604,-0.0179148659275044,anomaly_policy_no_event_pre20,候选关联，不是对具体现实事件的因果识别,https://www.shfe.com.cn/publicnotice/notice/202206/t20220629_798891.html
SN_2022-09-23,SN,2022-09-23,tightening,收紧,trading fee,交易手续费,关于调整燃料油期货等品种相关合约交易手续费的通知,Tightening adjustment to trading fee.,SN2210/11日内平今由通用3元基准调至60元/手,no,否,0,0,,,,,-0.0047987527426312,-0.0018563680841024,-0.4995045038479659,0.0546395948868147,policy_without_pre10_anomaly,候选关联，不是对具体现实事件的因果识别,https://www.shfe.com.cn/publicnotice/notice/202209/t20220921_799258.html
SN_2022-11-15,SN,2022-11-15,tightening,收紧,trading fee,交易手续费,关于调整锡期货品种相关合约交易手续费的通知,Tightening adjustment to trading fee.,SN2212/2301/2302日内平今由通用3元基准调至30元/手,yes,是,3,0,,,,,-0.0059176050008589,-0.0055398874845011,-0.5273592151480706,0.0400511042216861,anomaly_policy_no_event_pre20,候选关联，不是对具体现实事件的因果识别,https://www.shfe.com.cn/publicnotice/notice/202211/t20221111_799460.html
SN_2023-02-10,SN,2023-02-10,tightening,收紧,trading fee,交易手续费,关于调整锡期货品种相关合约交易手续费的通知,Tightening adjustment to trading fee.,SN2303/04/05日内平今由通用3元基准调至18元/手,yes,是,1,0,,,,,-0.0022899858816953,-0.0086251373142833,-0.1120707198754278,0.0507792615883985,anomaly_policy_no_event_pre20,候选关联，不是对具体现实事件的因果识别,https://www.shfe.com.cn/publicnotice/notice/202302/t20230208_799830.html
SN_2023-04-27,SN,2023-04-27,tightening,收紧,trading fee,交易手续费,关于调整锡期货品种相关合约交易手续费的通知,Tightening adjustment to trading fee.,SN2306/07日内平今由通用3元基准调至21元/手,yes,是,3,1,SN_EVT_001,Myanmar’s Wa State announces tin mining suspension from August,国际锡业协会披露佤邦计划自2023年8月1日起暂停全部采矿活动,2023-04-17,-0.0128235831824326,-0.0078866266405317,-0.2188232940471675,0.0375252803096792,event_anomaly_policy_chain,候选关联，不是对具体现实事件的因果识别,https://www.shfe.com.cn/publicnotice/notice/202304/t20230425_800093.html
SN_2023-07-20,SN,2023-07-20,tightening,收紧,margin and price limit,保证金与涨跌停板,关于调整螺纹钢等期货交易保证金比例和涨跌停板幅度的通知,Tightening adjustment to margin and price limit.,保证金9%→12%；涨跌停板7%→10%,no,否,0,0,,,,,-0.0025868918990714,-0.0027010844967868,-0.3422787313112962,0.0522419610547377,policy_without_pre10_anomaly,候选关联，不是对具体现实事件的因果识别,https://www.shfe.com.cn/publicnotice/notice/202307/t20230714_800468.html
SN_2023-08-01,SN,2023-08-01,tightening,收紧,trading fee,交易手续费,关于调整锡期货品种相关合约交易手续费的通知,Tightening adjustment to trading fee.,SN2308/09日内平今由通用3元基准调至21元/手,yes,是,2,1,SN_EVT_002,Wa State Reveals Further Details on Mining Suspension,佤邦采矿禁令正式生效且采矿活动停止,2023-08-01,0.0023147701734166,-0.0024262612246428,-0.1801267329684002,-0.023261362457939,event_anomaly_policy_chain,候选关联，不是对具体现实事件的因果识别,https://www.shfe.com.cn/publicnotice/notice/202307/t20230728_800553.html
SN_2023-09-28,SN,2023-09-28,tightening,收紧,trading fee,交易手续费,关于调整锡期货品种相关合约交易手续费的通知,Tightening adjustment to trading fee.,SN2310/11日内平今由通用3元基准调至9元/手,yes,是,1,0,,,,,-0.0004821286488526,-0.0044402110186706,-0.3341744724434754,0.0199995975250348,anomaly_policy_no_event_pre20,候选关联，不是对具体现实事件的因果识别,https://www.shfe.com.cn/publicnotice/notice/202309/t20230926_800835.html
SN_2023-12-05,SN,2023-12-05,tightening,收紧,trading fee,交易手续费,关于调整锡期货品种相关合约交易手续费的通知,Tightening adjustment to trading fee.,SN2401/02日内平今由通用3元基准调至6元/手,yes,是,3,0,,,,,-0.0020420766078488,-0.0060308889689619,-0.2624737447118033,-0.0487858962097397,anomaly_policy_no_event_pre20,候选关联，不是对具体现实事件的因果识别,https://www.shfe.com.cn/publicnotice/notice/202312/t20231201_801052.html
SN_2025-10-15,SN,2025-10-15,loosening,放松,margin and price limit,保证金与涨跌停板,关于调整镍等期货交易保证金比例和涨跌停板幅度的通知,Loosening adjustment to margin and price limit.,一般保证金12%→10%、套保调至9%；涨跌停板10%→8%,yes,是,3,0,,,,,-0.0047233457773681,-0.0043513191592816,-0.1532151118765057,-0.0152355816884115,anomaly_policy_no_event_pre20,候选关联，不是对具体现实事件的因果识别,https://www.shfe.com.cn/publicnotice/notice/202510/t20251010_829223.html
