family,outcome,结果变量_cn,factor,因子_cn,factor_type,n,clusters,estimate,effect_metric,effect_value,standard_error,p_value,controls,note,q_value_bh_within_family,raw_significance,multiplicity_status,reporting_rule_cn,interpretation_en,identification_status_cn,identification_status_en
market_common_factors,EC_daily_log_return,EC日收益率,usd_log_change,美元广义指数对数变化,numeric,684,,0.0605964491870197,OLS_beta_HC3,0.0605964491870197,0.7213176810270717,0.9330500784068426,mutually_adjusted_USD_and_Brent,HC3; model R2=0.0064; same-day timing limitation,0.9330500784068426,not_significant,not_BH_significant,未显著；保留为理论相关或待扩样本检验，不删除,Not significant; retain for theory and replication rather than deleting it.,可检验，但仍受当前样本和模型设定限制,"Testable, but still limited by the current sample and specification."
market_common_factors,EC_daily_log_return,EC日收益率,brent_log_change,Brent原油对数变化,numeric,684,,0.130591590016124,OLS_beta_HC3,0.130591590016124,0.0802357261152886,0.1036099348954178,mutually_adjusted_USD_and_Brent,HC3; model R2=0.0064; same-day timing limitation,0.2072198697908357,not_significant,not_BH_significant,未显著；保留为理论相关或待扩样本检验，不删除,Not significant; retain for theory and replication rather than deleting it.,可检验，但仍受当前样本和模型设定限制,"Testable, but still limited by the current sample and specification."
market_common_factors,SN_daily_log_return,SN日收益率,usd_log_change,美元广义指数对数变化,numeric,2651,,-0.3609109606516764,OLS_beta_HC3,-0.3609109606516764,0.0990385046996386,0.0002682791059205,mutually_adjusted_USD_and_Brent,HC3; model R2=0.0078; same-day timing limitation,0.001073116423682,p<0.05,BH_q<0.05,可作为经本检验族校正后仍显著的候选因子；仍需外部样本验证,Candidate factor after within-family BH correction; external validation is still required.,可检验，但仍受当前样本和模型设定限制,"Testable, but still limited by the current sample and specification."
market_common_factors,SN_daily_log_return,SN日收益率,brent_log_change,Brent原油对数变化,numeric,2651,,0.0025715061588722,OLS_beta_HC3,0.0025715061588722,0.0114839454214753,0.8228181233892703,mutually_adjusted_USD_and_Brent,HC3; model R2=0.0078; same-day timing limitation,0.9330500784068426,not_significant,not_BH_significant,未显著；保留为理论相关或待扩样本检验，不删除,Not significant; retain for theory and replication rather than deleting it.,可检验，但仍受当前样本和模型设定限制,"Testable, but still limited by the current sample and specification."
event_attributes_to_y_anomaly_next10,y_anomaly_next10,事件后10日是否出现异常,severity_precode_score,事件严重度预编码,numeric,59,39.0,0.2992847490611491,odds_ratio_per_unit,1.348893664997282,0.4291800514049221,0.4855895569200902,product_SN,severity precode is not yet second-reviewer validated,0.4855895569200902,not_significant,not_BH_significant,未显著；保留为理论相关或待扩样本检验，不删除,Not significant; retain for theory and replication rather than deleting it.,候选因子；严重度仍为预编码，须经第二位复核者确认,Candidate factor; severity remains a precode pending independent review.
event_attributes_to_y_anomaly_next10,y_anomaly_next10,事件后10日是否出现异常,product_code,品种,categorical_global,59,39.0,0.093984962406015,fisher_exact_odds_ratio,0.093984962406015,,0.0112350973056949,none,global factor test; sparse levels and product confounding possible; 2x2 exact test; clustering and confounding are not removed,0.0168526459585423,p<0.05,BH_q<0.05,可作为经本检验族校正后仍显著的候选因子；仍需外部样本验证,Candidate factor after within-family BH correction; external validation is still required.,品种差异是样本设计差异，不是可操作的风险触发因子,"Product is a design contrast, not an actionable risk trigger."
event_attributes_to_y_anomaly_next10,y_anomaly_next10,事件后10日是否出现异常,event_category,现实事件类型,categorical_global,59,39.0,,descriptive_only_sparse_multicategory,,,,none,global factor test; sparse levels and product confounding possible; inferential p-value withheld because more than 20% of expected cells are below 5,,not_significant,not_BH_significant,未显著；保留为理论相关或待扩样本检验，不删除,Not significant; retain for theory and replication rather than deleting it.,类别过稀疏，不提供推断性p值，仅作描述,Sparse multi-category factor; descriptive only and no inferential p-value is reported.
event_attributes_to_y_anomaly_next10,y_anomaly_next10,事件后10日是否出现异常,expected_direction,事前预期方向,categorical_global,59,39.0,,descriptive_only_sparse_multicategory,,,,none,global factor test; sparse levels and product confounding possible; inferential p-value withheld because more than 20% of expected cells are below 5,,not_significant,not_BH_significant,未显著；保留为理论相关或待扩样本检验，不删除,Not significant; retain for theory and replication rather than deleting it.,类别过稀疏，不提供推断性p值，仅作描述,Sparse multi-category factor; descriptive only and no inferential p-value is reported.
event_attributes_to_y_anomaly_next10,y_anomaly_next10,事件后10日是否出现异常,source_level,来源等级,categorical_global,59,39.0,0.093984962406015,fisher_exact_odds_ratio,0.093984962406015,,0.0112350973056949,none,global factor test; sparse levels and product confounding possible; 2x2 exact test; clustering and confounding are not removed,0.0168526459585423,p<0.05,BH_q<0.05,可作为经本检验族校正后仍显著的候选因子；仍需外部样本验证,Candidate factor after within-family BH correction; external validation is still required.,来源等级与品种完全一一对应，不能识别为独立因子,Source level is perfectly aligned with product and is not independently identified.
event_attributes_to_y_policy_next20,y_policy_next20,事件后20日是否出现政策调整,severity_precode_score,事件严重度预编码,numeric,59,39.0,1.2202087272026108,odds_ratio_per_unit,3.387894805631705,0.4915176808440201,0.0130452085154953,product_SN,severity precode is not yet second-reviewer validated,0.0391356255464862,p<0.05,BH_q<0.05,可作为经本检验族校正后仍显著的候选因子；仍需外部样本验证,Candidate factor after within-family BH correction; external validation is still required.,候选因子；严重度仍为预编码，须经第二位复核者确认,Candidate factor; severity remains a precode pending independent review.
event_attributes_to_y_policy_next20,y_policy_next20,事件后20日是否出现政策调整,product_code,品种,categorical_global,59,39.0,0.5454545454545454,fisher_exact_odds_ratio,0.5454545454545454,,0.4831286020578156,none,global factor test; sparse levels and product confounding possible; 2x2 exact test; clustering and confounding are not removed,0.4831286020578156,not_significant,not_BH_significant,未显著；保留为理论相关或待扩样本检验，不删除,Not significant; retain for theory and replication rather than deleting it.,品种差异是样本设计差异，不是可操作的风险触发因子,"Product is a design contrast, not an actionable risk trigger."
event_attributes_to_y_policy_next20,y_policy_next20,事件后20日是否出现政策调整,event_category,现实事件类型,categorical_global,59,39.0,,descriptive_only_sparse_multicategory,,,,none,global factor test; sparse levels and product confounding possible; inferential p-value withheld because more than 20% of expected cells are below 5,,not_significant,not_BH_significant,未显著；保留为理论相关或待扩样本检验，不删除,Not significant; retain for theory and replication rather than deleting it.,类别过稀疏，不提供推断性p值，仅作描述,Sparse multi-category factor; descriptive only and no inferential p-value is reported.
event_attributes_to_y_policy_next20,y_policy_next20,事件后20日是否出现政策调整,expected_direction,事前预期方向,categorical_global,59,39.0,,descriptive_only_sparse_multicategory,,,,none,global factor test; sparse levels and product confounding possible; inferential p-value withheld because more than 20% of expected cells are below 5,,not_significant,not_BH_significant,未显著；保留为理论相关或待扩样本检验，不删除,Not significant; retain for theory and replication rather than deleting it.,类别过稀疏，不提供推断性p值，仅作描述,Sparse multi-category factor; descriptive only and no inferential p-value is reported.
event_attributes_to_y_policy_next20,y_policy_next20,事件后20日是否出现政策调整,source_level,来源等级,categorical_global,59,39.0,0.5454545454545454,fisher_exact_odds_ratio,0.5454545454545454,,0.4831286020578156,none,global factor test; sparse levels and product confounding possible; 2x2 exact test; clustering and confounding are not removed,0.4831286020578156,not_significant,not_BH_significant,未显著；保留为理论相关或待扩样本检验，不删除,Not significant; retain for theory and replication rather than deleting it.,来源等级与品种完全一一对应，不能识别为独立因子,Source level is perfectly aligned with product and is not independently identified.
policy_and_prestate_to_prior_event,y_real_event_pre20,政策前20日是否存在现实事件,pre10_z_abs_return,公告前10日绝对收益z值,numeric,36,11.0,0.6015880400950808,odds_ratio_per_unit,1.82501469689482,0.5751001102307798,0.2955342797499979,product_SN,"backward association, not prospective policy prediction",0.5521448389111852,not_significant,not_BH_significant,未显著；保留为理论相关或待扩样本检验，不删除,Not significant; retain for theory and replication rather than deleting it.,可检验，但仍受当前样本和模型设定限制,"Testable, but still limited by the current sample and specification."
policy_and_prestate_to_prior_event,y_real_event_pre20,政策前20日是否存在现实事件,pre10_z_range,公告前10日日内区间z值,numeric,36,11.0,0.4791325630830032,odds_ratio_per_unit,1.614673167425064,0.5302060952736213,0.3661691898322724,product_SN,"backward association, not prospective policy prediction",0.5521448389111852,not_significant,not_BH_significant,未显著；保留为理论相关或待扩样本检验，不删除,Not significant; retain for theory and replication rather than deleting it.,可检验，但仍受当前样本和模型设定限制,"Testable, but still limited by the current sample and specification."
policy_and_prestate_to_prior_event,y_real_event_pre20,政策前20日是否存在现实事件,pre10_z_log_volume,公告前10日成交量z值,numeric,36,11.0,-0.824395852379419,odds_ratio_per_unit,0.4384998310856581,0.7821656301373244,0.2918868516886009,product_SN,"backward association, not prospective policy prediction",0.5521448389111852,not_significant,not_BH_significant,未显著；保留为理论相关或待扩样本检验，不删除,Not significant; retain for theory and replication rather than deleting it.,可检验，但仍受当前样本和模型设定限制,"Testable, but still limited by the current sample and specification."
policy_and_prestate_to_prior_event,y_real_event_pre20,政策前20日是否存在现实事件,pre10_z_oi_change,公告前10日持仓变化z值,numeric,36,11.0,2.297596122131522,odds_ratio_per_unit,9.950234533826244,1.2658417373142157,0.0695125749963965,product_SN,"backward association, not prospective policy prediction",0.5521448389111852,not_significant,not_BH_significant,未显著；保留为理论相关或待扩样本检验，不删除,Not significant; retain for theory and replication rather than deleting it.,可检验，但仍受当前样本和模型设定限制,"Testable, but still limited by the current sample and specification."
policy_and_prestate_to_prior_event,y_real_event_pre20,政策前20日是否存在现实事件,pre10_anomaly_mean,公告前10日平均异常数,numeric,37,11.0,1.0634126880509762,odds_ratio_per_unit,2.896238100163051,1.172468380900792,0.3644140738930702,product_SN,"backward association, not prospective policy prediction",0.5521448389111852,not_significant,not_BH_significant,未显著；保留为理论相关或待扩样本检验，不删除,Not significant; retain for theory and replication rather than deleting it.,可检验，但仍受当前样本和模型设定限制,"Testable, but still limited by the current sample and specification."
policy_and_prestate_to_prior_event,y_real_event_pre20,政策前20日是否存在现实事件,pre10_anomaly_max,公告前10日最大异常数,numeric,37,11.0,0.2810636544967947,odds_ratio_per_unit,1.324537914046274,0.4727340475405038,0.5521448389111852,product_SN,"backward association, not prospective policy prediction",0.5521448389111852,not_significant,not_BH_significant,未显著；保留为理论相关或待扩样本检验，不删除,Not significant; retain for theory and replication rather than deleting it.,可检验，但仍受当前样本和模型设定限制,"Testable, but still limited by the current sample and specification."
policy_and_prestate_to_prior_event,y_real_event_pre20,政策前20日是否存在现实事件,product_code,品种,categorical_global,37,11.0,0.4705882352941176,fisher_exact_odds_ratio,0.4705882352941176,,0.4701119361853547,none,small policy-cluster sample; global test; 2x2 exact test; clustering and confounding are not removed,0.5521448389111852,not_significant,not_BH_significant,未显著；保留为理论相关或待扩样本检验，不删除,Not significant; retain for theory and replication rather than deleting it.,品种差异是样本设计差异，不是可操作的风险触发因子,"Product is a design contrast, not an actionable risk trigger."
policy_and_prestate_to_prior_event,y_real_event_pre20,政策前20日是否存在现实事件,episode_direction,公告调整方向,categorical_global,37,11.0,,descriptive_only_sparse_multicategory,,,,none,small policy-cluster sample; global test; inferential p-value withheld because more than 20% of expected cells are below 5,,not_significant,not_BH_significant,未显著；保留为理论相关或待扩样本检验，不删除,Not significant; retain for theory and replication rather than deleting it.,类别过稀疏，不提供推断性p值，仅作描述,Sparse multi-category factor; descriptive only and no inferential p-value is reported.
policy_and_prestate_to_prior_event,y_real_event_pre20,政策前20日是否存在现实事件,event_types,公告参数类型,categorical_global,37,11.0,,descriptive_only_sparse_multicategory,,,,none,small policy-cluster sample; global test; inferential p-value withheld because more than 20% of expected cells are below 5,,not_significant,not_BH_significant,未显著；保留为理论相关或待扩样本检验，不删除,Not significant; retain for theory and replication rather than deleting it.,类别过稀疏，不提供推断性p值，仅作描述,Sparse multi-category factor; descriptive only and no inferential p-value is reported.
policy_and_prestate_to_prior_event,y_real_event_pre20,政策前20日是否存在现实事件,routine_or_holiday,例行/节假日属性,categorical_global,37,11.0,0.0,fisher_exact_odds_ratio,0.0,,0.5165165165165189,none,small policy-cluster sample; global test; 2x2 exact test; clustering and confounding are not removed,0.5521448389111852,not_significant,not_BH_significant,未显著；保留为理论相关或待扩样本检验，不删除,Not significant; retain for theory and replication rather than deleting it.,可检验，但仍受当前样本和模型设定限制,"Testable, but still limited by the current sample and specification."
prospective_daily_policy_screen,y_policy_next10,未来10日是否出现政策调整,roll10_max_abs_z_abs_return,过去10日绝对收益最大|z|,numeric,3395,16.0,0.1598389417168843,odds_ratio_per_unit,1.173321882565195,0.068289154777633,0.0192517654526065,product_SN,exploratory daily screening; overlapping labels and few product-year clusters; not an operational forecast,0.0577552963578196,p<0.05,not_BH_significant,仅原始p值显著；多重校正后不稳定，保留并如实解释,Raw p<0.05 but not stable after BH correction; retain and report cautiously.,探索性提前指标；日度标签重叠且政策年度簇有限，不能直接用于预警,Exploratory leading indicator; overlapping daily labels and few policy-year clusters prevent operational use.
prospective_daily_policy_screen,y_policy_next10,未来10日是否出现政策调整,roll10_max_abs_z_range,过去10日日内区间最大|z|,numeric,3397,16.0,0.1071489621757502,odds_ratio_per_unit,1.113100051935808,0.0493961631631128,0.0300693390121015,product_SN,exploratory daily screening; overlapping labels and few product-year clusters; not an operational forecast,0.0584054976644174,p<0.05,not_BH_significant,仅原始p值显著；多重校正后不稳定，保留并如实解释,Raw p<0.05 but not stable after BH correction; retain and report cautiously.,探索性提前指标；日度标签重叠且政策年度簇有限，不能直接用于预警,Exploratory leading indicator; overlapping daily labels and few policy-year clusters prevent operational use.
prospective_daily_policy_screen,y_policy_next10,未来10日是否出现政策调整,roll10_max_abs_z_log_volume,过去10日成交量最大|z|,numeric,3397,16.0,0.1260352405200361,odds_ratio_per_unit,1.1343221416808404,0.1210541955946696,0.2978072220599018,product_SN,exploratory daily screening; overlapping labels and few product-year clusters; not an operational forecast,0.3573686664718821,not_significant,not_BH_significant,未显著；保留为理论相关或待扩样本检验，不删除,Not significant; retain for theory and replication rather than deleting it.,探索性提前指标；日度标签重叠且政策年度簇有限，不能直接用于预警,Exploratory leading indicator; overlapping daily labels and few policy-year clusters prevent operational use.
prospective_daily_policy_screen,y_policy_next10,未来10日是否出现政策调整,roll10_max_abs_z_oi_change,过去10日持仓变化最大|z|,numeric,3395,16.0,0.0199865725200207,odds_ratio_per_unit,1.020187641385657,0.0893922920729862,0.8230820045535369,product_SN,exploratory daily screening; overlapping labels and few product-year clusters; not an operational forecast,0.8230820045535369,not_significant,not_BH_significant,未显著；保留为理论相关或待扩样本检验，不删除,Not significant; retain for theory and replication rather than deleting it.,探索性提前指标；日度标签重叠且政策年度簇有限，不能直接用于预警,Exploratory leading indicator; overlapping daily labels and few policy-year clusters prevent operational use.
prospective_daily_policy_screen,y_policy_next10,未来10日是否出现政策调整,roll10_anomaly_days,过去10日异常天数,numeric,3437,16.0,0.1175509700862954,odds_ratio_per_unit,1.124738956524424,0.0569294872324113,0.0389369984429449,product_SN,exploratory daily screening; overlapping labels and few product-year clusters; not an operational forecast,0.0584054976644174,p<0.05,not_BH_significant,仅原始p值显著；多重校正后不稳定，保留并如实解释,Raw p<0.05 but not stable after BH correction; retain and report cautiously.,探索性提前指标；日度标签重叠且政策年度簇有限，不能直接用于预警,Exploratory leading indicator; overlapping daily labels and few policy-year clusters prevent operational use.
prospective_daily_policy_screen,y_policy_next10,未来10日是否出现政策调整,roll10_mean_composite,过去10日平均综合异常数,numeric,3437,16.0,0.673840610760193,odds_ratio_per_unit,1.961757216771165,0.2587021174479387,0.0091955559799391,product_SN,exploratory daily screening; overlapping labels and few product-year clusters; not an operational forecast,0.0551733358796347,p<0.05,not_BH_significant,仅原始p值显著；多重校正后不稳定，保留并如实解释,Raw p<0.05 but not stable after BH correction; retain and report cautiously.,探索性提前指标；日度标签重叠且政策年度簇有限，不能直接用于预警,Exploratory leading indicator; overlapping daily labels and few policy-year clusters prevent operational use.
