mapping_id,word_location,conclusion_cn,conclusion_en,analysis_category_en,analysis_category_cn,source_file,source_filter_or_row,source_fields,analysis_method,verification_status,interpretation_limit
M01,核心判断/P8、表1,市场、现实事件、公告参数和窗口结果可追溯,"Market, real-event, policy-parameter and event-window records are traceable.",Data provenance,数据追溯,05_复现材料/analysis_manifest_v1.0.csv,全部记录,artifact_id;relative_path;sha256;role,文件清单与SHA256追踪,verified,可追溯不等于因果识别
M02,核心判断/P9、表6,SN样本长于EC且政策簇更多,SN has a longer sample and more policy clusters than EC.,Descriptive statistics,描述性统计,03_论文主表_7张/Table1_sample_coverage.csv,EC与SN两行,dominant_market_days;verified_policy_clusters,分品种样本覆盖统计,verified,样本长度差异会影响检验功效
M03,核心判断/P10、表10-R3,SN事件后5日方向一致收益均值约0.51%，n=36,"SN five-day direction-aligned return is about 0.51%, n=36.",Event study,事件研究,03_论文主表_7张/Table4_primary_and_robustness_findings.csv,finding_id=F1,n;estimate;parametric_p_or_q;nonparametric_p_or_q,事前方向编码后的5日累计方向收益；t检验与Wilcoxon；全局BH校正,verified,事件并非随机分配；报告关联与方向一致性
M04,表10-R4,SN因子调整后5日方向收益均值0.00530，n=25,"SN factor-adjusted five-day direction-aligned return is 0.00530, n=25.",Robust inference,稳健推断,03_论文主表_7张/Table4_primary_and_robustness_findings.csv,finding_id=F2,n;estimate;parametric_p_or_q;nonparametric_p_or_q,美元与Brent共同因子调整后的事件窗口检验,verified_with_caveat,该组p值未做全局BH校正；同日信息时点仍有限制
M05,核心判断/P11、表11-R2,SN非例行收紧后20日log成交量变化-0.232，n=14，约下降20.7%,"SN post-20-day log volume changes by -0.232 after non-routine tightening, n=14, approximately -20.7%.",Robust inference,稳健推断,03_论文主表_7张/Table7_policy_cluster_wild_bootstrap.csv,product_code=SN;horizon=20;outcome=log_volume,n_policy_date_clusters;mean_change;wild_cluster_bootstrap_pvalue;conventional_t_pvalue,非重叠完整窗口；政策簇Rademacher wild bootstrap；exp(-0.232)-1,verified,显著前趋势存在，不解释为政策净因果
M06,表11-R3,同一成交量结果经全部36规格BH校正后q=0.145,The same volume result has q=0.145 after BH adjustment across all 36 specifications.,Robust inference,稳健推断,03_论文主表_7张/Table7_policy_cluster_wild_bootstrap.csv,product_code=SN;horizon=20;outcome=log_volume,wild_cluster_bootstrap_qvalue_bh_all_tests,36项全局BH校正,verified,全局多重比较下不再显著
M07,表11-R4,SN绝对收益、日内区间和持仓量多呈降温方向，但校正后较弱,"SN absolute return, intraday range and open interest mostly point to cooling, but corrected evidence is weaker.",Robust inference,稳健推断,03_论文主表_7张/Table7_policy_cluster_wild_bootstrap.csv,"product_code=SN;horizon=20;outcome in abs_return,intraday_log_range,open_interest_log_change",mean_change;wild_cluster_bootstrap_pvalue;qvalues,有限政策簇wild bootstrap及BH校正,verified_with_caveat,属于辅助结果，不作为主结论
M08,表11-R5,SN真实政策日的降温在同品种—年份伪日期中较少见,Cooling around actual SN policy dates is uncommon among within-product-year pseudo dates.,Robust inference,稳健推断,02_EC_SN专题研究库/06_初步实证结果/notice_placebo_policy_date_tests_v0.1.csv,product_code=SN;horizon=20,observed_mean_change;empirical_two_sided_pvalue;empirical_qvalue_bh_within_product,同品种—年份1000次伪政策日检验,verified,安慰剂不能消除政策内生性
M09,表9、表11-R6,SN成交量在政策日前-9至-7日已下降,SN volume was already declining on policy days -9 to -7.,Dynamic regression,动态回归,02_EC_SN专题研究库/06_初步实证结果/notice_dynamic_regression_two_way_clustered_v0.1.csv,"product_code=SN;outcome=log_volume;relative_trading_day=-9,-8,-7",estimate_vs_day_minus1;pvalue_two_way_cluster;qvalue_bh_within_product_outcome,政策日相对时间逐日回归；政策簇与日历日双向聚类,verified_with_caveat,证明前趋势与内生时点，不证明交易所观察到相同信号
M10,核心判断/P12、表12-R2,事件到未来10日异常AUC=0.608，Brier劣于空模型,Event-to-next-10-day anomaly AUC is 0.608 and its Brier score is worse than the null model.,Prediction,预测分析,03_论文主表_7张/Table5_bidirectional_prediction_benchmarks.csv,model_name=event_to_anomaly_next10,n;positive_n;roc_auc;CI;permutation_pvalue_auc;brier_score;null_brier_score,L2逻辑回归；分组留一法；簇bootstrap区间；标签置换,verified,未建立样本外预测能力
M11,核心判断/P12、表12-R3,事件到未来20日政策AUC=0.588，Brier劣于空模型,Event-to-next-20-day policy AUC is 0.588 and its Brier score is worse than the null model.,Prediction,预测分析,03_论文主表_7张/Table5_bidirectional_prediction_benchmarks.csv,model_name=event_to_policy_next20,n;positive_n;roc_auc;CI;permutation_pvalue_auc;brier_score;null_brier_score,L2逻辑回归；按20日事件簇留一验证,verified,正例仅11个；不具备风控部署条件
M12,核心判断/P12、表12-R4,政策反推此前20日事件AUC=0.696，但置换p=0.065且区间宽,"Policy-to-prior-20-day-event AUC is 0.696, but permutation p=0.065 with a wide interval.",Prediction,预测分析,03_论文主表_7张/Table5_bidirectional_prediction_benchmarks.csv,model_name=policy_to_real_event_pre20,n;positive_n;roc_auc;CI;permutation_pvalue_auc;brier_score;null_brier_score,L2逻辑回归；按品种—年份留一验证,verified_with_caveat,仅提示性，不可宣称能识别具体事件
M13,表2、表6,EC/SN共3445个主力连续交易日,"EC and SN provide 3,445 dominant-contract trading days.",Descriptive statistics,描述性统计,03_论文主表_7张/Table1_sample_coverage.csv,EC与SN dominant_market_days求和,dominant_market_days;market_start;market_end,样本覆盖求和,verified,主力连续序列存在合约切换问题
M14,表2、表6,共59个现实事件：EC20、SN39,There are 59 real-world events: EC 20 and SN 39.,Descriptive statistics,描述性统计,03_论文主表_7张/Table1_sample_coverage.csv,EC与SN real_events求和,real_events,冻结事件表计数,verified,第二位独立复核尚未完成
M15,表2、表6,共37个核验政策簇：EC12、SN25,There are 37 verified policy clusters: EC 12 and SN 25.,Descriptive statistics,描述性统计,03_论文主表_7张/Table1_sample_coverage.csv,EC与SN verified_policy_clusters求和,verified_policy_clusters,同日或相关公告合并为政策簇,verified,政策簇数量有限
M16,P44、表2、表6,37个政策簇中32个在前10日出现至少一种异常,Thirty-two of 37 policy clusters have at least one anomaly during the previous 10 trading days.,Descriptive statistics,描述性统计,03_论文主表_7张/Table1_sample_coverage.csv,policy_clusters_pre10_anomaly求和,policy_clusters_pre10_anomaly;verified_policy_clusters,公告前10日异常频率,verified,时序支持但不证明异常必然触发政策
M17,表10-R2,59个事件中44个在后10日出现至少一种异常,Forty-four of 59 events have at least one anomaly during the next 10 trading days.,Descriptive statistics,描述性统计,03_论文主表_7张/Table6_hypothesis_evidence_status.csv,hypothesis=H1,evidence,事件后异常频率,verified,高基础发生率不等于可预测
M18,P30,52条优先公告中形成41条核验参数事件并合并为37个政策簇,Fifty-two priority notices yield 41 verified parameter episodes and 37 policy clusters.,Data provenance,数据追溯,02_EC_SN专题研究库/01_数据/notice_episode_priority_source_verified_v0.1.csv | 02_EC_SN专题研究库/05_实证分析输入/notice_parameter_episodes_source_verified_v0.1.csv | notice_policy_date_clusters_source_verified_v0.1.csv,依次为52、41、37行,row_count,正文核验、参数拆分与政策簇合并,verified_with_caveat,11条排除由52-41推得，应在最终人工复核表中明确排除理由
M19,表8-R5,正式动态回归逐日估计相对事件日效应,Dynamic regression estimates relative-day effects around events.,Dynamic regression,动态回归,02_EC_SN专题研究库/06_初步实证结果/dynamic_event_regression_clustered_v0.1.csv,全部465行,product_code;outcome;relative_trading_day;estimate;cluster_se;pvalue,堆叠事件研究、事件固定效应、月/星期/换月控制、事件簇CR1,verified,EC独立事件簇仅7个，功效较低
M20,表8-R6,公告动态回归采用政策簇和日历日双向聚类,Notice dynamic regressions use two-way clustering by policy cluster and calendar date.,Dynamic regression,动态回归,02_EC_SN专题研究库/06_初步实证结果/notice_dynamic_regression_two_way_clustered_v0.1.csv,全部372行,two_way_cluster_se;pvalue_two_way_cluster;qvalue,CGM双向聚类稳健标准误,verified,重叠窗口和内生政策时点仍存在
M21,表8-R7,安慰剂检验使用同品种—年份伪日期,Placebo tests use pseudo dates within product-year.,Robust inference,稳健推断,02_EC_SN专题研究库/06_初步实证结果/placebo_event_date_tests_v0.1.csv | notice_placebo_policy_date_tests_v0.1.csv,事件6行；公告24行,placebo_replications;empirical_two_sided_pvalue,排除真实事件附近日期的伪日期抽样,verified_with_caveat,EC公告安慰剂因历史过短未能生成有效重复
M22,表8-R8,匹配DID因共同支持不足，不报告因果值,Matched DID is not used for causal estimates because common support is insufficient.,Robust inference,稳健推断,02_EC_SN专题研究库/06_初步实证结果/notice_sn_state_match_balance_v0.1.csv | notice_sn_state_matched_did_tests_v0.1.csv,全部记录,balance;did_estimate;pvalue,事前状态匹配DID尝试,verified_with_caveat,属于失败但需要保留的识别诊断
M23,表5-H1至H4、表13,H1描述性支持、H2时序支持、H3部分支持、H4未建立,"H1 is descriptively supported, H2 temporally supported, H3 partially supported and H4 not established.",Data provenance,数据追溯,03_论文主表_7张/Table6_hypothesis_evidence_status.csv,H1-H4,statement;evidence;status,按证据等级归纳,verified,不得把时序证据改写为因果结论
M24,表7,AO/BU公告数量来自导师版工作簿而非CSV,AO/BU notice counts come from the mentor workbook rather than a CSV file.,Data provenance,数据追溯,06_AO_BU公告工作簿/AO_BU公告信息_发导师版_20260827.xlsx,发送说明!A5:H7；AO与BU工作表,核心公告;关联公告;参数—事件行,工作簿汇总并核对发送说明页,verified_non_csv_source,AO核心62、关联62、参数事件行170；BU核心128、关联88、参数事件行292
M25,本轮新增因子复核,不显著因子不删除；同时报告p值、BH q值、样本与限制,"Non-significant factors are retained with p-values, BH q-values, samples and limitations.",Robust inference,稳健推断,08_证据核对与双语汇报/factor_significance_audit.csv,全部因子,estimate;p_value;q_value;reporting_rule,HC3、精确检验、簇稳健logit与BH校正,new_verified_analysis,探索性筛选不能替代外部验证
