notice_id,publish_date,title,source_url,gap_class,research_relevance,resolution_status,rationale
t20030418_783825,2003-04-18,关于提供上海期货交易所信息产品的通知,https://www.shfe.com.cn/publicnotice/notice/200304/t20030418_783825.html,obsolete_external_redirect_non_parameter,low,unrecovered_documented,旧站外链或已失效动态页面；标题显示不属于结算、保证金、手续费或涨跌停参数事件。
t20030425_783833,2003-04-25,2003年5月份结算参数一览表,https://www.shfe.com.cn/publicnotice/notice/200304/t20030425_783833.html,official_pre_boundary_gap,high,unrecovered_documented,月度结算参数官方结构化库的已确认起点为2005-09；该公告早于可用边界。
t20030528_783853,2003-05-28,2003年6月份结算参数一览表,https://www.shfe.com.cn/publicnotice/notice/200305/t20030528_783853.html,official_pre_boundary_gap,high,unrecovered_documented,月度结算参数官方结构化库的已确认起点为2005-09；该公告早于可用边界。
t20030625_783876,2003-06-25,2003年7月份结算参数一览表,https://www.shfe.com.cn/publicnotice/notice/200306/t20030625_783876.html,official_pre_boundary_gap,high,unrecovered_documented,月度结算参数官方结构化库的已确认起点为2005-09；该公告早于可用边界。
t20030630_783881,2003-06-30,关于举办2003年第三期会员培训班的通知,https://www.shfe.com.cn/publicnotice/notice/200306/t20030630_783881.html,obsolete_external_redirect_non_parameter,low,unrecovered_documented,旧站外链或已失效动态页面；标题显示不属于结算、保证金、手续费或涨跌停参数事件。
t20030728_783911,2003-07-28,上海期货交易所8月份结算参数一览表,https://www.shfe.com.cn/publicnotice/notice/200307/t20030728_783911.html,official_pre_boundary_gap,high,unrecovered_documented,月度结算参数官方结构化库的已确认起点为2005-09；该公告早于可用边界。
t20030827_783941,2003-08-27,2003年9月份结算参数一览表,https://www.shfe.com.cn/publicnotice/notice/200308/t20030827_783941.html,official_pre_boundary_gap,high,unrecovered_documented,月度结算参数官方结构化库的已确认起点为2005-09；该公告早于可用边界。
t20030917_783960,2003-09-17,关于举办2003年第四期会员培训班的通知,https://www.shfe.com.cn/publicnotice/notice/200309/t20030917_783960.html,obsolete_external_redirect_non_parameter,low,unrecovered_documented,旧站外链或已失效动态页面；标题显示不属于结算、保证金、手续费或涨跌停参数事件。
t20030926_783968,2003-09-26,2003年10月份结算参数一览表,https://www.shfe.com.cn/publicnotice/notice/200309/t20030926_783968.html,official_pre_boundary_gap,high,unrecovered_documented,月度结算参数官方结构化库的已确认起点为2005-09；该公告早于可用边界。
t20031020_783983,2003-10-20,2003年11月份结算参数一览表,https://www.shfe.com.cn/publicnotice/notice/200310/t20031020_783983.html,official_pre_boundary_gap,high,unrecovered_documented,月度结算参数官方结构化库的已确认起点为2005-09；该公告早于可用边界。
t20031111_784017,2003-11-11,关于举办2003年第五期会员培训班的通知,https://www.shfe.com.cn/publicnotice/notice/200311/t20031111_784017.html,obsolete_external_redirect_non_parameter,low,unrecovered_documented,旧站外链或已失效动态页面；标题显示不属于结算、保证金、手续费或涨跌停参数事件。
t20031125_784030,2003-11-25,2003年12月份结算参数一览表,https://www.shfe.com.cn/publicnotice/notice/200311/t20031125_784030.html,official_pre_boundary_gap,high,unrecovered_documented,月度结算参数官方结构化库的已确认起点为2005-09；该公告早于可用边界。
t20031225_784080,2003-12-25,2004年1月份结算参数一览表,https://www.shfe.com.cn/publicnotice/notice/200312/t20031225_784080.html,official_pre_boundary_gap,high,unrecovered_documented,月度结算参数官方结构化库的已确认起点为2005-09；该公告早于可用边界。
t20040106_784093,2004-01-06,交易所公布2003年会员年度排名,https://www.shfe.com.cn/publicnotice/notice/200401/t20040106_784093.html,obsolete_external_redirect_non_parameter,low,unrecovered_documented,旧站外链或已失效动态页面；标题显示不属于结算、保证金、手续费或涨跌停参数事件。
t20040128_784112,2004-01-28,2004年02月份结算参数一览表,https://www.shfe.com.cn/publicnotice/notice/200401/t20040128_784112.html,official_pre_boundary_gap,high,unrecovered_documented,月度结算参数官方结构化库的已确认起点为2005-09；该公告早于可用边界。
t20040223_784139,2004-02-23,2004年3月结算参数一览表,https://www.shfe.com.cn/publicnotice/notice/200402/t20040223_784139.html,official_pre_boundary_gap,high,unrecovered_documented,月度结算参数官方结构化库的已确认起点为2005-09；该公告早于可用边界。
t20040323_784184,2004-03-23,2004年4月结算参数一览表,https://www.shfe.com.cn/publicnotice/notice/200403/t20040323_784184.html,official_pre_boundary_gap,high,unrecovered_documented,月度结算参数官方结构化库的已确认起点为2005-09；该公告早于可用边界。
t20040429_784236,2004-04-29,2004年05月份结算参数一览表,https://www.shfe.com.cn/publicnotice/notice/200404/t20040429_784236.html,official_pre_boundary_gap,high,unrecovered_documented,月度结算参数官方结构化库的已确认起点为2005-09；该公告早于可用边界。
t20040517_784245,2004-05-17,燃料油推介会资料,https://www.shfe.com.cn/publicnotice/notice/200405/t20040517_784245.html,obsolete_external_redirect_non_parameter,low,unrecovered_documented,旧站外链或已失效动态页面；标题显示不属于结算、保证金、手续费或涨跌停参数事件。
t20040526_784264,2004-05-26,2004年6月份结算参数一览表,https://www.shfe.com.cn/publicnotice/notice/200405/t20040526_784264.html,official_pre_boundary_gap,high,unrecovered_documented,月度结算参数官方结构化库的已确认起点为2005-09；该公告早于可用边界。
t20040625_784303,2004-06-25,2004年7月份结算参数一览表,https://www.shfe.com.cn/publicnotice/notice/200406/t20040625_784303.html,official_pre_boundary_gap,high,unrecovered_documented,月度结算参数官方结构化库的已确认起点为2005-09；该公告早于可用边界。
t20040726_784346,2004-07-26,2004年8月份结算参数一览表,https://www.shfe.com.cn/publicnotice/notice/200407/t20040726_784346.html,official_pre_boundary_gap,high,unrecovered_documented,月度结算参数官方结构化库的已确认起点为2005-09；该公告早于可用边界。
t20040826_784398,2004-08-26,2004年9月份结算参数一览表,https://www.shfe.com.cn/publicnotice/notice/200408/t20040826_784398.html,official_pre_boundary_gap,high,unrecovered_documented,月度结算参数官方结构化库的已确认起点为2005-09；该公告早于可用边界。
t20040924_784432,2004-09-24,2004年10月份结算参数一览表,https://www.shfe.com.cn/publicnotice/notice/200409/t20040924_784432.html,official_pre_boundary_gap,high,unrecovered_documented,月度结算参数官方结构化库的已确认起点为2005-09；该公告早于可用边界。
t20041025_784473,2004-10-25,2004年11月结算参数一览表,https://www.shfe.com.cn/publicnotice/notice/200410/t20041025_784473.html,official_pre_boundary_gap,high,unrecovered_documented,月度结算参数官方结构化库的已确认起点为2005-09；该公告早于可用边界。
t20041125_784532,2004-11-25,2004年12月份结算参数一览表,https://www.shfe.com.cn/publicnotice/notice/200411/t20041125_784532.html,official_pre_boundary_gap,high,unrecovered_documented,月度结算参数官方结构化库的已确认起点为2005-09；该公告早于可用边界。
t20041224_784577,2004-12-24,2005年01月份结算参数一览表,https://www.shfe.com.cn/publicnotice/notice/200412/t20041224_784577.html,official_pre_boundary_gap,high,unrecovered_documented,月度结算参数官方结构化库的已确认起点为2005-09；该公告早于可用边界。
t20050224_784655,2005-02-24,2005年3月份结算参数一览表,https://www.shfe.com.cn/publicnotice/notice/200502/t20050224_784655.html,official_pre_boundary_gap,high,unrecovered_documented,月度结算参数官方结构化库的已确认起点为2005-09；该公告早于可用边界。
t20050311_784673,2005-03-11,第二届上海衍生品市场论坛,https://www.shfe.com.cn/publicnotice/notice/200503/t20050311_784673.html,obsolete_external_redirect_non_parameter,low,unrecovered_documented,旧站外链或已失效动态页面；标题显示不属于结算、保证金、手续费或涨跌停参数事件。
t20050325_784700,2005-03-25,2005年4月份结算参数一览表,https://www.shfe.com.cn/publicnotice/notice/200503/t20050325_784700.html,official_pre_boundary_gap,high,unrecovered_documented,月度结算参数官方结构化库的已确认起点为2005-09；该公告早于可用边界。
t20050420_784732,2005-04-20,2005年浙江有色金属投资论坛会议资料,https://www.shfe.com.cn/publicnotice/notice/200504/t20050420_784732.html,obsolete_external_redirect_non_parameter,low,unrecovered_documented,旧站外链或已失效动态页面；标题显示不属于结算、保证金、手续费或涨跌停参数事件。
t20050425_784741,2005-04-25,2005年5月份结算参数一览表,https://www.shfe.com.cn/publicnotice/notice/200504/t20050425_784741.html,official_pre_boundary_gap,high,unrecovered_documented,月度结算参数官方结构化库的已确认起点为2005-09；该公告早于可用边界。
t20050524_784791,2005-05-24,2005年6月份结算参数调整表,https://www.shfe.com.cn/publicnotice/notice/200505/t20050524_784791.html,official_pre_boundary_gap,high,unrecovered_documented,月度结算参数官方结构化库的已确认起点为2005-09；该公告早于可用边界。
t20050623_784851,2005-06-23,2005年7月份结算参数调整表,https://www.shfe.com.cn/publicnotice/notice/200506/t20050623_784851.html,official_pre_boundary_gap,high,unrecovered_documented,月度结算参数官方结构化库的已确认起点为2005-09；该公告早于可用边界。
t20050719_784879,2005-07-19,上海期货交易所2005年上半年会员成交排名,https://www.shfe.com.cn/publicnotice/notice/200507/t20050719_784879.html,obsolete_external_redirect_non_parameter,low,unrecovered_documented,旧站外链或已失效动态页面；标题显示不属于结算、保证金、手续费或涨跌停参数事件。
t20050725_784885,2005-07-25,2005年8月份结算参数调整表,https://www.shfe.com.cn/publicnotice/notice/200507/t20050725_784885.html,official_pre_boundary_gap,high,unrecovered_documented,月度结算参数官方结构化库的已确认起点为2005-09；该公告早于可用边界。
t20050805_784899,2005-08-05,上海期货交易所网络隔离项目招投标邀请书,https://www.shfe.com.cn/publicnotice/notice/200508/t20050805_784899.html,obsolete_external_redirect_non_parameter,low,unrecovered_documented,旧站外链或已失效动态页面；标题显示不属于结算、保证金、手续费或涨跌停参数事件。
t20060105_785140,2006-01-05,上海期货交易所2005年会员年度排名已在网站公布,https://www.shfe.com.cn/publicnotice/notice/200601/t20060105_785140.html,obsolete_external_redirect_non_parameter,low,unrecovered_documented,旧站外链或已失效动态页面；标题显示不属于结算、保证金、手续费或涨跌停参数事件。
t20080321_786635,2008-03-21,上海期货交易所博士后科研工作站2008年博士后招聘简章,https://www.shfe.com.cn/publicnotice/notice/200803/t20080321_786635.html,obsolete_external_redirect_non_parameter,low,unrecovered_documented,旧站外链或已失效动态页面；标题显示不属于结算、保证金、手续费或涨跌停参数事件。
t20120525_789027,2012-05-25,上海期货交易所招标项目需求书—网络规划咨询项目,https://www.shfe.com.cn/publicnotice/notice/201205/t20120525_789027.html,archived_legacy_doc_unparsed,low,source_archived_text_unavailable,原始OLE Word文档已归档，但当前环境缺少可靠的旧版DOC中文解析器；与参数事件研究无关。
