Notice ID,公告编号,Announcement date,公告日期,Notice title (English),公告标题（中文）,Product code,品种代码,Product name (English),品种名称（中文）,Parameter (English),参数（中文）,Effective date,实施日期,Notice value,公告参数值,Observation trade date,参数核对交易日,Observation-date basis,核对日期依据,Effective-date minimum,实施日最小值,Effective-date maximum,实施日最大值,Expected contract count,公告范围合约数,Observed contract count,已对应合约数,Level alignment status,公告值对应状态,Change-point status,变更点对应状态,Interpretation (English),解释（中文）,Official source URL,官方来源链接
t20251104_829423,t20251104_829423,20251104,20251104,Notice adjusting Alumina General-position margin ratio,关于调整氧化铝期货交易保证金比例和涨跌停板幅度的通知,AO,AO,Alumina,氧化铝,General-position margin ratio,一般持仓交易保证金比例,20251107,20251107,0.09,0.09,20251110,20251110,next_official_trade_parameter_date_after_close_settlement,收盘结算生效后下一可用官方交易参数日,0.11,0.11,0.15,0.15,12,12,12,12,notice_floor_satisfied_with_higher_values_present,均不低于公告值且存在从高适用值,partial_change_with_preexisting_values,部分字段发生变更，其余字段此前已处于适用水平,All scoped values are at or above the notice level; higher values are retained and may reflect lifecycle or other applicable rules.,公告范围内数值均不低于公告值；更高值被保留，可能反映临近交割等从高适用规则。,https://www.shfe.com.cn/publicnotice/notice/202511/t20251104_829423.html,https://www.shfe.com.cn/publicnotice/notice/202511/t20251104_829423.html
t20251104_829423,t20251104_829423,20251104,20251104,Notice adjusting Alumina Hedge-position margin ratio,关于调整氧化铝期货交易保证金比例和涨跌停板幅度的通知,AO,AO,Alumina,氧化铝,Hedge-position margin ratio,套保持仓交易保证金比例,20251107,20251107,0.08,0.08,20251110,20251110,next_official_trade_parameter_date_after_close_settlement,收盘结算生效后下一可用官方交易参数日,0.1,0.1,0.15,0.15,12,12,12,12,notice_floor_satisfied_with_higher_values_present,均不低于公告值且存在从高适用值,partial_change_with_preexisting_values,部分字段发生变更，其余字段此前已处于适用水平,All scoped values are at or above the notice level; higher values are retained and may reflect lifecycle or other applicable rules.,公告范围内数值均不低于公告值；更高值被保留，可能反映临近交割等从高适用规则。,https://www.shfe.com.cn/publicnotice/notice/202511/t20251104_829423.html,https://www.shfe.com.cn/publicnotice/notice/202511/t20251104_829423.html
t20251104_829423,t20251104_829423,20251104,20251104,Notice adjusting Alumina Price limit,关于调整氧化铝期货交易保证金比例和涨跌停板幅度的通知,AO,AO,Alumina,氧化铝,Price limit,涨跌停板幅度,20251107,20251107,0.07,0.07,20251110,20251110,next_official_trade_parameter_date_after_close_settlement,收盘结算生效后下一可用官方交易参数日,0.09,0.09,0.09,0.09,12,12,12,12,all_values_equal_notice_level,全部观测值等于公告值,all_fields_changed_on_observation_date,全部字段在参数核对日发生变更,All scoped official daily values equal the notice level on the stated effective date.,公告范围内的官方日度参数在所列实施日均等于公告值。,https://www.shfe.com.cn/publicnotice/notice/202511/t20251104_829423.html,https://www.shfe.com.cn/publicnotice/notice/202511/t20251104_829423.html
t20251205_829720,t20251205_829720,20251205,20251205,Notice adjusting Bitumen General-position margin ratio,关于调整燃料油等期货交易保证金比例和涨跌停板幅度的通知,BU,BU,Bitumen,石油沥青,General-position margin ratio,一般持仓交易保证金比例,20251209,20251209,0.09,0.09,20251210,20251210,next_official_trade_parameter_date_after_close_settlement,收盘结算生效后下一可用官方交易参数日,0.11,0.11,0.15,0.15,16,16,16,16,notice_floor_satisfied_with_higher_values_present,均不低于公告值且存在从高适用值,partial_change_with_preexisting_values,部分字段发生变更，其余字段此前已处于适用水平,All scoped values are at or above the notice level; higher values are retained and may reflect lifecycle or other applicable rules.,公告范围内数值均不低于公告值；更高值被保留，可能反映临近交割等从高适用规则。,https://www.shfe.com.cn/publicnotice/notice/202512/t20251205_829720.html,https://www.shfe.com.cn/publicnotice/notice/202512/t20251205_829720.html
t20251205_829720,t20251205_829720,20251205,20251205,Notice adjusting Bitumen Hedge-position margin ratio,关于调整燃料油等期货交易保证金比例和涨跌停板幅度的通知,BU,BU,Bitumen,石油沥青,Hedge-position margin ratio,套保持仓交易保证金比例,20251209,20251209,0.08,0.08,20251210,20251210,next_official_trade_parameter_date_after_close_settlement,收盘结算生效后下一可用官方交易参数日,0.1,0.1,0.15,0.15,16,16,16,16,notice_floor_satisfied_with_higher_values_present,均不低于公告值且存在从高适用值,partial_change_with_preexisting_values,部分字段发生变更，其余字段此前已处于适用水平,All scoped values are at or above the notice level; higher values are retained and may reflect lifecycle or other applicable rules.,公告范围内数值均不低于公告值；更高值被保留，可能反映临近交割等从高适用规则。,https://www.shfe.com.cn/publicnotice/notice/202512/t20251205_829720.html,https://www.shfe.com.cn/publicnotice/notice/202512/t20251205_829720.html
t20251205_829720,t20251205_829720,20251205,20251205,Notice adjusting Bitumen Price limit,关于调整燃料油等期货交易保证金比例和涨跌停板幅度的通知,BU,BU,Bitumen,石油沥青,Price limit,涨跌停板幅度,20251209,20251209,0.07,0.07,20251210,20251210,next_official_trade_parameter_date_after_close_settlement,收盘结算生效后下一可用官方交易参数日,0.09,0.09,0.09,0.09,16,16,16,16,all_values_equal_notice_level,全部观测值等于公告值,all_fields_changed_on_observation_date,全部字段在参数核对日发生变更,All scoped official daily values equal the notice level on the stated effective date.,公告范围内的官方日度参数在所列实施日均等于公告值。,https://www.shfe.com.cn/publicnotice/notice/202512/t20251205_829720.html,https://www.shfe.com.cn/publicnotice/notice/202512/t20251205_829720.html
t20260123_830226,t20260123_830226,20260123,20260123,Notice adjusting Alumina General-position margin ratio,关于调整镍等期货相关合约涨跌停板幅度和交易保证金比例的通知,AO,AO,Alumina,氧化铝,General-position margin ratio,一般持仓交易保证金比例,20260127,20260127,0.1,0.1,20260128,20260128,next_official_trade_parameter_date_after_close_settlement,收盘结算生效后下一可用官方交易参数日,0.09,0.09,0.1,0.1,12,12,12,12,all_values_equal_notice_level,全部观测值等于公告值,partial_change_with_preexisting_values,部分字段发生变更，其余字段此前已处于适用水平,All scoped official daily values equal the notice level on the stated effective date.,公告范围内的官方日度参数在所列实施日均等于公告值。,https://www.shfe.com.cn/publicnotice/notice/202601/t20260123_830226.html,https://www.shfe.com.cn/publicnotice/notice/202601/t20260123_830226.html
t20260123_830226,t20260123_830226,20260123,20260123,Notice adjusting Alumina Hedge-position margin ratio,关于调整镍等期货相关合约涨跌停板幅度和交易保证金比例的通知,AO,AO,Alumina,氧化铝,Hedge-position margin ratio,套保持仓交易保证金比例,20260127,20260127,0.09,0.09,20260128,20260128,next_official_trade_parameter_date_after_close_settlement,收盘结算生效后下一可用官方交易参数日,0.08,0.08,0.1,0.1,12,12,12,12,notice_floor_satisfied_with_higher_values_present,均不低于公告值且存在从高适用值,partial_change_with_preexisting_values,部分字段发生变更，其余字段此前已处于适用水平,All scoped values are at or above the notice level; higher values are retained and may reflect lifecycle or other applicable rules.,公告范围内数值均不低于公告值；更高值被保留，可能反映临近交割等从高适用规则。,https://www.shfe.com.cn/publicnotice/notice/202601/t20260123_830226.html,https://www.shfe.com.cn/publicnotice/notice/202601/t20260123_830226.html
t20260123_830226,t20260123_830226,20260123,20260123,Notice adjusting Alumina Price limit,关于调整镍等期货相关合约涨跌停板幅度和交易保证金比例的通知,AO,AO,Alumina,氧化铝,Price limit,涨跌停板幅度,20260127,20260127,0.08,0.08,20260128,20260128,next_official_trade_parameter_date_after_close_settlement,收盘结算生效后下一可用官方交易参数日,0.07,0.07,0.07,0.07,12,12,12,12,all_values_equal_notice_level,全部观测值等于公告值,all_fields_changed_on_observation_date,全部字段在参数核对日发生变更,All scoped official daily values equal the notice level on the stated effective date.,公告范围内的官方日度参数在所列实施日均等于公告值。,https://www.shfe.com.cn/publicnotice/notice/202601/t20260123_830226.html,https://www.shfe.com.cn/publicnotice/notice/202601/t20260123_830226.html
t20260128_830274,t20260128_830274,20260128,20260128,Notice adjusting Alumina General-position margin ratio,关于调整镍等期货相关合约涨跌停板幅度和交易保证金比例的通知,AO,AO,Alumina,氧化铝,General-position margin ratio,一般持仓交易保证金比例,20260130,20260130,0.11,0.11,20260202,20260202,next_official_trade_parameter_date_after_close_settlement,收盘结算生效后下一可用官方交易参数日,0.1,0.1,0.1,0.1,12,12,12,12,notice_floor_satisfied_with_higher_values_present,均不低于公告值且存在从高适用值,all_fields_changed_on_observation_date,全部字段在参数核对日发生变更,All scoped values are at or above the notice level; higher values are retained and may reflect lifecycle or other applicable rules.,公告范围内数值均不低于公告值；更高值被保留，可能反映临近交割等从高适用规则。,https://www.shfe.com.cn/publicnotice/notice/202601/t20260128_830274.html,https://www.shfe.com.cn/publicnotice/notice/202601/t20260128_830274.html
t20260128_830274,t20260128_830274,20260128,20260128,Notice adjusting Alumina Hedge-position margin ratio,关于调整镍等期货相关合约涨跌停板幅度和交易保证金比例的通知,AO,AO,Alumina,氧化铝,Hedge-position margin ratio,套保持仓交易保证金比例,20260130,20260130,0.1,0.1,20260202,20260202,next_official_trade_parameter_date_after_close_settlement,收盘结算生效后下一可用官方交易参数日,0.09,0.09,0.1,0.1,12,12,12,12,notice_floor_satisfied_with_higher_values_present,均不低于公告值且存在从高适用值,all_fields_changed_on_observation_date,全部字段在参数核对日发生变更,All scoped values are at or above the notice level; higher values are retained and may reflect lifecycle or other applicable rules.,公告范围内数值均不低于公告值；更高值被保留，可能反映临近交割等从高适用规则。,https://www.shfe.com.cn/publicnotice/notice/202601/t20260128_830274.html,https://www.shfe.com.cn/publicnotice/notice/202601/t20260128_830274.html
t20260128_830274,t20260128_830274,20260128,20260128,Notice adjusting Alumina Price limit,关于调整镍等期货相关合约涨跌停板幅度和交易保证金比例的通知,AO,AO,Alumina,氧化铝,Price limit,涨跌停板幅度,20260130,20260130,0.09,0.09,20260202,20260202,next_official_trade_parameter_date_after_close_settlement,收盘结算生效后下一可用官方交易参数日,0.08,0.08,0.08,0.08,12,12,12,12,all_values_equal_notice_level,全部观测值等于公告值,all_fields_changed_on_observation_date,全部字段在参数核对日发生变更,All scoped official daily values equal the notice level on the stated effective date.,公告范围内的官方日度参数在所列实施日均等于公告值。,https://www.shfe.com.cn/publicnotice/notice/202601/t20260128_830274.html,https://www.shfe.com.cn/publicnotice/notice/202601/t20260128_830274.html
t20260205_830383,t20260205_830383,20260205,20260205,Notice adjusting Alumina General-position margin ratio,关于调整铜等期货相关合约涨跌停板幅度和交易保证金比例的通知,AO,AO,Alumina,氧化铝,General-position margin ratio,一般持仓交易保证金比例,20260209,20260209,0.12,0.12,20260210,20260210,next_official_trade_parameter_date_after_close_settlement,收盘结算生效后下一可用官方交易参数日,0.11,0.11,0.15,0.15,12,12,12,12,notice_floor_satisfied_with_higher_values_present,均不低于公告值且存在从高适用值,partial_change_with_preexisting_values,部分字段发生变更，其余字段此前已处于适用水平,All scoped values are at or above the notice level; higher values are retained and may reflect lifecycle or other applicable rules.,公告范围内数值均不低于公告值；更高值被保留，可能反映临近交割等从高适用规则。,https://www.shfe.com.cn/publicnotice/notice/202602/t20260205_830383.html,https://www.shfe.com.cn/publicnotice/notice/202602/t20260205_830383.html
t20260205_830383,t20260205_830383,20260205,20260205,Notice adjusting Alumina Hedge-position margin ratio,关于调整铜等期货相关合约涨跌停板幅度和交易保证金比例的通知,AO,AO,Alumina,氧化铝,Hedge-position margin ratio,套保持仓交易保证金比例,20260209,20260209,0.11,0.11,20260210,20260210,next_official_trade_parameter_date_after_close_settlement,收盘结算生效后下一可用官方交易参数日,0.1,0.1,0.15,0.15,12,12,12,12,notice_floor_satisfied_with_higher_values_present,均不低于公告值且存在从高适用值,partial_change_with_preexisting_values,部分字段发生变更，其余字段此前已处于适用水平,All scoped values are at or above the notice level; higher values are retained and may reflect lifecycle or other applicable rules.,公告范围内数值均不低于公告值；更高值被保留，可能反映临近交割等从高适用规则。,https://www.shfe.com.cn/publicnotice/notice/202602/t20260205_830383.html,https://www.shfe.com.cn/publicnotice/notice/202602/t20260205_830383.html
t20260205_830383,t20260205_830383,20260205,20260205,Notice adjusting Alumina Price limit,关于调整铜等期货相关合约涨跌停板幅度和交易保证金比例的通知,AO,AO,Alumina,氧化铝,Price limit,涨跌停板幅度,20260209,20260209,0.1,0.1,20260210,20260210,next_official_trade_parameter_date_after_close_settlement,收盘结算生效后下一可用官方交易参数日,0.09,0.09,0.09,0.09,12,12,12,12,all_values_equal_notice_level,全部观测值等于公告值,all_fields_changed_on_observation_date,全部字段在参数核对日发生变更,All scoped official daily values equal the notice level on the stated effective date.,公告范围内的官方日度参数在所列实施日均等于公告值。,https://www.shfe.com.cn/publicnotice/notice/202602/t20260205_830383.html,https://www.shfe.com.cn/publicnotice/notice/202602/t20260205_830383.html
t20260209_830422,t20260209_830422,20260209,20260209,Notice adjusting Alumina General-position margin ratio,关于调整铜等期货新上市合约交易保证金比例和涨跌停板幅度的通知,AO,AO,Alumina,氧化铝,General-position margin ratio,一般持仓交易保证金比例,20260225,20260225,0.12,0.12,20260225,20260225,same_date_for_listing_or_non_close_settlement_rule,新上市或非收盘结算规则使用同日,0.12,0.12,0.12,0.12,1,1,1,1,all_values_equal_notice_level,全部观测值等于公告值,all_fields_are_initial_listing_observations,全部字段均为新上市合约首次观测,All scoped official daily values equal the notice level on the stated effective date.,公告范围内的官方日度参数在所列实施日均等于公告值。,https://www.shfe.com.cn/publicnotice/notice/202602/t20260209_830422.html,https://www.shfe.com.cn/publicnotice/notice/202602/t20260209_830422.html
t20260209_830422,t20260209_830422,20260209,20260209,Notice adjusting Alumina Hedge-position margin ratio,关于调整铜等期货新上市合约交易保证金比例和涨跌停板幅度的通知,AO,AO,Alumina,氧化铝,Hedge-position margin ratio,套保持仓交易保证金比例,20260225,20260225,0.11,0.11,20260225,20260225,same_date_for_listing_or_non_close_settlement_rule,新上市或非收盘结算规则使用同日,0.11,0.11,0.11,0.11,1,1,1,1,all_values_equal_notice_level,全部观测值等于公告值,all_fields_are_initial_listing_observations,全部字段均为新上市合约首次观测,All scoped official daily values equal the notice level on the stated effective date.,公告范围内的官方日度参数在所列实施日均等于公告值。,https://www.shfe.com.cn/publicnotice/notice/202602/t20260209_830422.html,https://www.shfe.com.cn/publicnotice/notice/202602/t20260209_830422.html
t20260209_830422,t20260209_830422,20260209,20260209,Notice adjusting Alumina Price limit,关于调整铜等期货新上市合约交易保证金比例和涨跌停板幅度的通知,AO,AO,Alumina,氧化铝,Price limit,涨跌停板幅度,20260225,20260225,0.1,0.1,20260225,20260225,same_date_for_listing_or_non_close_settlement_rule,新上市或非收盘结算规则使用同日,0.2,0.2,0.2,0.2,1,1,1,1,notice_floor_satisfied_with_higher_values_present,均不低于公告值且存在从高适用值,all_fields_are_initial_listing_observations,全部字段均为新上市合约首次观测,All scoped values are at or above the notice level; higher values are retained and may reflect lifecycle or other applicable rules.,公告范围内数值均不低于公告值；更高值被保留，可能反映临近交割等从高适用规则。,https://www.shfe.com.cn/publicnotice/notice/202602/t20260209_830422.html,https://www.shfe.com.cn/publicnotice/notice/202602/t20260209_830422.html
t20260209_830422,t20260209_830422,20260209,20260209,Notice adjusting Bitumen General-position margin ratio,关于调整铜等期货新上市合约交易保证金比例和涨跌停板幅度的通知,BU,BU,Bitumen,石油沥青,General-position margin ratio,一般持仓交易保证金比例,20260225,20260225,0.11,0.11,20260225,20260225,same_date_for_listing_or_non_close_settlement_rule,新上市或非收盘结算规则使用同日,0.11,0.11,0.11,0.11,1,1,1,1,all_values_equal_notice_level,全部观测值等于公告值,all_fields_are_initial_listing_observations,全部字段均为新上市合约首次观测,All scoped official daily values equal the notice level on the stated effective date.,公告范围内的官方日度参数在所列实施日均等于公告值。,https://www.shfe.com.cn/publicnotice/notice/202602/t20260209_830422.html,https://www.shfe.com.cn/publicnotice/notice/202602/t20260209_830422.html
t20260209_830422,t20260209_830422,20260209,20260209,Notice adjusting Bitumen Hedge-position margin ratio,关于调整铜等期货新上市合约交易保证金比例和涨跌停板幅度的通知,BU,BU,Bitumen,石油沥青,Hedge-position margin ratio,套保持仓交易保证金比例,20260225,20260225,0.1,0.1,20260225,20260225,same_date_for_listing_or_non_close_settlement_rule,新上市或非收盘结算规则使用同日,0.1,0.1,0.1,0.1,1,1,1,1,all_values_equal_notice_level,全部观测值等于公告值,all_fields_are_initial_listing_observations,全部字段均为新上市合约首次观测,All scoped official daily values equal the notice level on the stated effective date.,公告范围内的官方日度参数在所列实施日均等于公告值。,https://www.shfe.com.cn/publicnotice/notice/202602/t20260209_830422.html,https://www.shfe.com.cn/publicnotice/notice/202602/t20260209_830422.html
t20260209_830422,t20260209_830422,20260209,20260209,Notice adjusting Bitumen Price limit,关于调整铜等期货新上市合约交易保证金比例和涨跌停板幅度的通知,BU,BU,Bitumen,石油沥青,Price limit,涨跌停板幅度,20260225,20260225,0.09,0.09,20260225,20260225,same_date_for_listing_or_non_close_settlement_rule,新上市或非收盘结算规则使用同日,0.18,0.18,0.18,0.18,1,1,1,1,notice_floor_satisfied_with_higher_values_present,均不低于公告值且存在从高适用值,all_fields_are_initial_listing_observations,全部字段均为新上市合约首次观测,All scoped values are at or above the notice level; higher values are retained and may reflect lifecycle or other applicable rules.,公告范围内数值均不低于公告值；更高值被保留，可能反映临近交割等从高适用规则。,https://www.shfe.com.cn/publicnotice/notice/202602/t20260209_830422.html,https://www.shfe.com.cn/publicnotice/notice/202602/t20260209_830422.html
t20260309_830615,t20260309_830615,20260309,20260309,Notice adjusting Bitumen General-position margin ratio,关于调整石油沥青、丁二烯橡胶期货相关合约涨跌停板幅度和交...,BU,BU,Bitumen,石油沥青,General-position margin ratio,一般持仓交易保证金比例,20260310,20260310,0.14,0.14,20260311,20260311,next_official_trade_parameter_date_after_close_settlement,收盘结算生效后下一可用官方交易参数日,0.11,0.11,0.11,0.11,12,12,12,12,all_values_equal_notice_level,全部观测值等于公告值,all_fields_changed_on_observation_date,全部字段在参数核对日发生变更,All scoped official daily values equal the notice level on the stated effective date.,公告范围内的官方日度参数在所列实施日均等于公告值。,https://www.shfe.com.cn/publicnotice/notice/202603/t20260309_830615.html,https://www.shfe.com.cn/publicnotice/notice/202603/t20260309_830615.html
t20260309_830615,t20260309_830615,20260309,20260309,Notice adjusting Bitumen Hedge-position margin ratio,关于调整石油沥青、丁二烯橡胶期货相关合约涨跌停板幅度和交...,BU,BU,Bitumen,石油沥青,Hedge-position margin ratio,套保持仓交易保证金比例,20260310,20260310,0.13,0.13,20260311,20260311,next_official_trade_parameter_date_after_close_settlement,收盘结算生效后下一可用官方交易参数日,0.1,0.1,0.1,0.1,12,12,12,12,all_values_equal_notice_level,全部观测值等于公告值,all_fields_changed_on_observation_date,全部字段在参数核对日发生变更,All scoped official daily values equal the notice level on the stated effective date.,公告范围内的官方日度参数在所列实施日均等于公告值。,https://www.shfe.com.cn/publicnotice/notice/202603/t20260309_830615.html,https://www.shfe.com.cn/publicnotice/notice/202603/t20260309_830615.html
t20260309_830615,t20260309_830615,20260309,20260309,Notice adjusting Bitumen Price limit,关于调整石油沥青、丁二烯橡胶期货相关合约涨跌停板幅度和交...,BU,BU,Bitumen,石油沥青,Price limit,涨跌停板幅度,20260310,20260310,0.12,0.12,20260311,20260311,next_official_trade_parameter_date_after_close_settlement,收盘结算生效后下一可用官方交易参数日,0.09,0.09,0.09,0.09,12,12,12,12,all_values_equal_notice_level,全部观测值等于公告值,all_fields_changed_on_observation_date,全部字段在参数核对日发生变更,All scoped official daily values equal the notice level on the stated effective date.,公告范围内的官方日度参数在所列实施日均等于公告值。,https://www.shfe.com.cn/publicnotice/notice/202603/t20260309_830615.html,https://www.shfe.com.cn/publicnotice/notice/202603/t20260309_830615.html
t20260310_830641,t20260310_830641,20260310,20260310,Notice adjusting Bitumen General-position margin ratio,关于调整燃料油、石油沥青、丁二烯橡胶期货相关合约涨跌停板...,BU,BU,Bitumen,石油沥青,General-position margin ratio,一般持仓交易保证金比例,20260310,20260310,0.14,0.14,20260311,20260311,next_official_trade_parameter_date_after_close_settlement,收盘结算生效后下一可用官方交易参数日,0.14,0.14,0.15,0.15,4,4,4,4,notice_floor_satisfied_with_higher_values_present,均不低于公告值且存在从高适用值,no_change_point_level_already_present,未出现新变更点，参数此前已处于适用水平,All scoped values are at or above the notice level; higher values are retained and may reflect lifecycle or other applicable rules.,公告范围内数值均不低于公告值；更高值被保留，可能反映临近交割等从高适用规则。,https://www.shfe.com.cn/publicnotice/notice/202603/t20260310_830641.html,https://www.shfe.com.cn/publicnotice/notice/202603/t20260310_830641.html
t20260310_830641,t20260310_830641,20260310,20260310,Notice adjusting Bitumen Hedge-position margin ratio,关于调整燃料油、石油沥青、丁二烯橡胶期货相关合约涨跌停板...,BU,BU,Bitumen,石油沥青,Hedge-position margin ratio,套保持仓交易保证金比例,20260310,20260310,0.13,0.13,20260311,20260311,next_official_trade_parameter_date_after_close_settlement,收盘结算生效后下一可用官方交易参数日,0.14,0.14,0.15,0.15,4,4,4,4,notice_floor_satisfied_with_higher_values_present,均不低于公告值且存在从高适用值,partial_change_with_preexisting_values,部分字段发生变更，其余字段此前已处于适用水平,All scoped values are at or above the notice level; higher values are retained and may reflect lifecycle or other applicable rules.,公告范围内数值均不低于公告值；更高值被保留，可能反映临近交割等从高适用规则。,https://www.shfe.com.cn/publicnotice/notice/202603/t20260310_830641.html,https://www.shfe.com.cn/publicnotice/notice/202603/t20260310_830641.html
t20260310_830641,t20260310_830641,20260310,20260310,Notice adjusting Bitumen Price limit,关于调整燃料油、石油沥青、丁二烯橡胶期货相关合约涨跌停板...,BU,BU,Bitumen,石油沥青,Price limit,涨跌停板幅度,20260310,20260310,0.12,0.12,20260311,20260311,next_official_trade_parameter_date_after_close_settlement,收盘结算生效后下一可用官方交易参数日,0.12,0.12,0.12,0.12,4,4,4,4,all_values_equal_notice_level,全部观测值等于公告值,no_change_point_level_already_present,未出现新变更点，参数此前已处于适用水平,All scoped official daily values equal the notice level on the stated effective date.,公告范围内的官方日度参数在所列实施日均等于公告值。,https://www.shfe.com.cn/publicnotice/notice/202603/t20260310_830641.html,https://www.shfe.com.cn/publicnotice/notice/202603/t20260310_830641.html
t20260427_831528,t20260427_831528,20260427,20260427,Notice adjusting Alumina General-position margin ratio,关于2026年劳动节期间有关工作安排的通知,AO,AO,Alumina,氧化铝,General-position margin ratio,一般持仓交易保证金比例,20260429,20260429,0.12,0.12,20260430,20260430,next_official_trade_parameter_date_after_close_settlement,收盘结算生效后下一可用官方交易参数日,0.09,0.09,0.09,0.09,2,2,2,2,all_values_equal_notice_level,全部观测值等于公告值,all_fields_changed_on_observation_date,全部字段在参数核对日发生变更,All scoped official daily values equal the notice level on the stated effective date.,公告范围内的官方日度参数在所列实施日均等于公告值。,https://www.shfe.com.cn/publicnotice/notice/202604/t20260427_831528.html,https://www.shfe.com.cn/publicnotice/notice/202604/t20260427_831528.html
t20260427_831528,t20260427_831528,20260427,20260427,Notice adjusting Alumina Hedge-position margin ratio,关于2026年劳动节期间有关工作安排的通知,AO,AO,Alumina,氧化铝,Hedge-position margin ratio,套保持仓交易保证金比例,20260429,20260429,0.11,0.11,20260430,20260430,next_official_trade_parameter_date_after_close_settlement,收盘结算生效后下一可用官方交易参数日,0.08,0.08,0.08,0.08,2,2,2,2,all_values_equal_notice_level,全部观测值等于公告值,all_fields_changed_on_observation_date,全部字段在参数核对日发生变更,All scoped official daily values equal the notice level on the stated effective date.,公告范围内的官方日度参数在所列实施日均等于公告值。,https://www.shfe.com.cn/publicnotice/notice/202604/t20260427_831528.html,https://www.shfe.com.cn/publicnotice/notice/202604/t20260427_831528.html
t20260427_831528,t20260427_831528,20260427,20260427,Notice adjusting Alumina Price limit,关于2026年劳动节期间有关工作安排的通知,AO,AO,Alumina,氧化铝,Price limit,涨跌停板幅度,20260429,20260429,0.1,0.1,20260430,20260430,next_official_trade_parameter_date_after_close_settlement,收盘结算生效后下一可用官方交易参数日,0.07,0.07,0.07,0.07,2,2,2,2,all_values_equal_notice_level,全部观测值等于公告值,all_fields_changed_on_observation_date,全部字段在参数核对日发生变更,All scoped official daily values equal the notice level on the stated effective date.,公告范围内的官方日度参数在所列实施日均等于公告值。,https://www.shfe.com.cn/publicnotice/notice/202604/t20260427_831528.html,https://www.shfe.com.cn/publicnotice/notice/202604/t20260427_831528.html
